date,USARECM,USARECDM,USARECDP,RECPROUSM156N,recess1,recess2,recess3,recess4,recess5,Adj Close,Value,T10Y2Y,BAMLCC1A013YTRIV,stock returns,bond returns
1976-06-30,0.0,0.0,0.0,0.12,0.0,0.0,3.0,5.0,10.0,104.27999877929688,3.69,0.68,104.84,,
1976-07-30,0.0,0.0,0.0,0.02,0.0,0.0,3.0,5.0,10.0,103.44000244140625,3.69,0.85,104.84,-0.00805520087958989,0.0
1976-08-31,0.0,0.0,0.0,0.02,0.0,0.0,3.0,5.0,10.0,102.91000366210938,3.7,1.08,104.84,-0.005123731310786595,0.0
1976-09-30,0.0,0.0,0.0,0.08,1.0,5.0,5.0,10.0,15.0,105.23999786376953,3.65,1.13,107.99,0.022641085596599206,0.03004578405188851
1976-10-29,0.0,0.0,0.0,0.28,1.0,5.0,5.0,10.0,15.0,102.9000015258789,3.65,1.25,107.99,-0.022234857329811904,0.0
1976-11-30,0.0,0.0,0.0,0.0,1.0,5.0,5.0,10.0,15.0,102.0999984741211,3.94,1.35,107.99,-0.007774567929006446,0.0
1976-12-31,0.0,0.0,0.0,0.0,0.5,5.0,5.0,10.0,10.0,107.45999908447266,3.87,1.42,111.67,0.05249755818272751,0.034077229373090163
1977-01-31,0.0,0.0,0.0,0.42,0.5,5.0,5.0,10.0,10.0,102.02999877929688,3.95,1.17,111.67,-0.05053043319782035,0.0
1977-02-28,0.0,0.0,0.0,0.0,0.5,5.0,5.0,10.0,10.0,99.81999969482422,4.1,1.19,111.67,-0.021660287277403083,0.0
1977-03-31,0.0,0.0,0.0,0.0,5.0,1.5,1.5,5.0,10.0,98.41999816894531,4.17,1.33,113.09,-0.014025260770978524,0.012716038327214128
1977-04-29,0.0,0.0,0.0,0.04,5.0,1.5,1.5,5.0,10.0,98.44000244140625,4.17,1.31,113.09,0.00020325414380315945,0.0
1977-05-31,0.0,0.0,0.0,0.0,5.0,1.5,1.5,5.0,10.0,96.12000274658203,4.36,1.06,113.09,-0.02356765174000413,0.0
1977-06-30,0.0,0.0,0.0,0.0,0.0,1.0,5.0,10.0,15.0,100.4800033569336,4.39,1.1,115.4,0.0453599717620337,0.020426209213900454
1977-07-29,0.0,0.0,0.0,0.06,0.0,1.0,5.0,10.0,15.0,98.8499984741211,4.39,0.92,115.4,-0.016222181810864978,0.0
1977-08-31,0.0,0.0,0.0,0.06,0.0,1.0,5.0,10.0,15.0,96.7699966430664,4.56,0.65,116.5,-0.02104200165060429,0.00953206239168106
1977-09-30,0.0,0.0,0.0,0.02,0.0,5.0,10.0,20.0,20.0,96.52999877929688,4.68,0.53,116.82,-0.0024800854820193606,0.00274678111587977
1977-10-31,0.0,0.0,0.0,0.04,0.0,5.0,10.0,20.0,20.0,92.33999633789062,4.86,0.32,117.12,-0.04340622080588791,0.00256805341551114
1977-11-30,0.0,0.0,0.0,0.06,0.0,5.0,10.0,20.0,20.0,94.83000183105469,4.89,0.4,117.9,0.026965622611166577,0.00665983606557378
1977-12-30,0.0,0.0,0.0,0.8,0.0,10.0,10.0,17.5,20.0,95.0999984741211,4.89,0.44,117.9,0.0028471647986195486,0.0
1978-01-31,0.0,0.0,0.0,9.16,0.0,10.0,10.0,17.5,20.0,89.25,5.22,0.41,118.98,-0.0615141805255971,0.009160305343511435
1978-02-28,0.0,0.0,0.0,0.1,0.0,10.0,10.0,17.5,20.0,87.04000091552734,5.35,0.43,119.61,-0.024761894503895307,0.005295007564296482
1978-03-31,0.0,0.0,0.0,0.0,0.0,5.0,10.0,12.5,17.5,89.20999908447266,5.4,0.44,120.31,0.024931044877300773,0.005852353482150346
1978-04-28,0.0,0.0,0.0,0.0,0.0,5.0,10.0,12.5,17.5,96.83000183105469,5.4,0.27,120.31,0.08541646479972134,0.0
1978-05-31,0.0,0.0,0.0,0.16,0.0,5.0,10.0,12.5,17.5,97.23999786376953,5.0,0.29,120.89,0.004234183878568848,0.004820879394896503
1978-06-30,0.0,0.0,0.0,0.06,0.0,5.0,10.0,16.5,22.5,95.52999877929688,5.03,0.09,121.28,-0.017585346791845022,0.003226073289767562
1978-07-31,0.0,0.0,0.0,0.3,0.0,5.0,10.0,16.5,22.5,100.68000030517578,5.09,0.08,121.99,0.05390978322711972,0.005854221635883853
1978-08-31,0.0,0.0,0.0,0.1,0.0,5.0,10.0,16.5,22.5,103.29000091552734,4.8,-0.1,122.95,0.025923724696466723,0.00786949749979513
1978-09-29,0.0,0.0,0.0,0.16,1.0,10.0,20.0,20.0,25.0,102.54000091552734,4.8,-0.22,122.95,-0.0072611094331712246,0.0
1978-10-31,0.0,0.0,0.0,0.04,1.0,10.0,20.0,20.0,25.0,93.1500015258789,5.01,-0.53,122.83,-0.09157401312473108,-0.0009760065067100817
1978-11-30,1.0,1.0,1.0,0.04,1.0,10.0,20.0,20.0,25.0,94.69999694824219,5.34,-0.78,123.33,0.01663977881881904,0.004070666775217781
1978-12-29,1.0,1.0,1.0,0.26,0.0,20.0,30.0,40.0,30.0,96.11000061035156,5.34,-0.86,123.33,0.014889162698495181,0.0
1979-01-31,1.0,1.0,1.0,1.72,0.0,20.0,30.0,40.0,30.0,99.93000030517578,5.13,-0.82,125.05,0.03974612080496422,0.013946322873591169
1979-02-28,1.0,1.0,1.0,0.56,0.0,20.0,30.0,40.0,30.0,96.27999877929688,5.25,-0.72,125.66,-0.03652558305546065,0.0048780487804878005
1979-03-30,1.0,1.0,1.0,0.84,10.0,17.5,47.5,40.0,30.0,101.58999633789062,5.25,-0.72,125.66,0.05515161638883985,0.0
1979-04-30,1.0,1.0,1.0,19.1,10.0,17.5,47.5,40.0,30.0,101.76000213623047,5.14,-0.67,127.4,0.0016734501867132726,0.013846888429094454
1979-05-31,1.0,1.0,1.0,1.1,10.0,17.5,47.5,40.0,30.0,99.08000183105469,5.31,-0.58,128.69,-0.02633648043351994,0.010125588697017206
1979-06-29,1.0,1.0,1.0,1.58,10.0,30.0,49.0,40.0,25.0,102.91000366210938,5.31,-0.51,128.69,0.038655649578866365,0.0
1979-07-31,1.0,1.0,1.0,2.48,10.0,30.0,49.0,40.0,25.0,103.80999755859375,5.25,-0.37,130.89,0.008745446161282621,0.017095345403683182
1979-08-31,1.0,1.0,1.0,3.06,10.0,30.0,49.0,40.0,25.0,109.31999969482422,5.08,-0.6,131.36,0.05307776000206959,0.0035908014363207836
1979-09-28,1.0,1.0,1.0,2.12,77.5,65.0,50.0,25.0,10.0,109.31999969482422,5.08,-0.78,131.36,0.0,0.0
1979-10-31,1.0,1.0,1.0,1.76,77.5,65.0,50.0,25.0,10.0,101.81999969482422,5.32,-1.69,127.88,-0.0686059277436596,-0.026492082825822303
1979-11-30,1.0,1.0,1.0,2.62,77.5,65.0,50.0,25.0,10.0,106.16000366210938,5.4,-1.44,129.8,0.04262427794434349,0.015014075695965093
1979-12-31,1.0,1.0,1.0,3.76,70.0,72.5,60.0,30.0,12.5,107.94000244140625,5.24,-1.27,130.66,0.016767131856573136,0.006625577812018376
1980-01-31,1.0,1.0,1.0,7.18,70.0,72.5,60.0,30.0,12.5,114.16000366210938,5.14,-0.89,131.3,0.057624616268464206,0.0048982090923007406
1980-02-29,1.0,1.0,1.0,36.48,70.0,72.5,60.0,30.0,12.5,113.66000366210938,4.99,-2.01,128.98,-0.004379817659080489,-0.017669459253617834
1980-03-31,1.0,1.0,1.0,84.1,40.0,60.0,50.0,30.0,20.0,102.08999633789062,5.54,-2.41,128.35,-0.1017948878359558,-0.004884478213676504
1980-04-30,1.0,1.0,1.0,99.66,40.0,60.0,50.0,30.0,20.0,106.29000091552734,5.68,-1.99,135.58,0.04114021675283272,0.056330346708219854
1980-05-30,1.0,1.0,1.0,99.64,40.0,60.0,50.0,30.0,20.0,111.23999786376953,5.68,-0.13,135.58,0.04657067368148897,0.0
1980-06-30,1.0,1.0,1.0,87.3,97.0,80.0,60.0,35.0,20.0,114.23999786376953,5.18,0.88,143.84,0.026968716807006424,0.06092344003540338
1980-07-31,1.0,1.0,1.0,31.38,97.0,80.0,60.0,35.0,20.0,121.66999816894531,4.99,1.04,144.18,0.06503851929370665,0.0023637374860956857
1980-08-29,1.0,1.0,1.0,0.3,97.0,80.0,60.0,35.0,20.0,122.37999725341797,4.99,0.03,144.18,0.005835449125977502,0.0
1980-09-30,1.0,1.0,1.0,0.02,80.0,50.0,30.0,15.0,10.0,125.45999908447266,4.8,-0.41,141.78,0.02516752655809253,-0.016645859342488595
1980-10-31,1.0,1.0,1.0,0.04,80.0,50.0,30.0,15.0,10.0,127.47000122070312,4.69,-0.62,141.61,0.016021059707462034,-0.001199040767386003
1980-11-28,1.0,1.0,1.0,0.06,80.0,50.0,30.0,15.0,10.0,140.52000427246094,4.69,-1.41,141.61,0.10237705284997116,0.0
1980-12-31,1.0,1.0,1.0,0.42,20.0,40.0,20.0,10.0,10.0,135.75999450683594,4.61,-1.7,143.72,-0.033874250077558996,0.01490007767812997
1981-01-30,1.0,1.0,1.0,2.16,20.0,40.0,20.0,10.0,10.0,129.5500030517578,4.61,-1.02,143.72,-0.04574242565077176,0.0
1981-02-27,1.0,1.0,1.0,2.14,20.0,40.0,20.0,10.0,10.0,131.27000427246094,4.61,-0.92,143.72,0.013276736242267398,0.0
1981-03-31,1.0,1.0,1.0,1.22,20.0,30.0,15.0,10.0,5.0,136.0,4.71,-0.78,147.76,0.03603257083561599,0.028110214305594156
1981-04-30,1.0,1.0,1.0,1.56,20.0,30.0,15.0,10.0,5.0,132.80999755859375,4.7,-0.81,146.74,-0.02345590030445772,-0.0069030860855440026
1981-05-29,1.0,1.0,1.0,1.34,20.0,30.0,15.0,10.0,5.0,132.58999633789062,4.7,-1.7,146.74,-0.001656510991245699,0.0
1981-06-30,1.0,1.0,1.0,1.48,40.0,20.0,10.0,10.0,10.0,131.2100067138672,4.83,-1.25,150.31,-0.010407946769277298,0.024328744718549768
1981-07-31,1.0,1.0,1.0,3.96,40.0,20.0,10.0,10.0,10.0,130.9199981689453,4.98,-1.39,150.02,-0.0022102624044087094,-0.0019293460182289405
1981-08-31,1.0,1.0,1.0,40.08,40.0,20.0,10.0,10.0,10.0,122.79000091552734,5.0,-1.55,149.55,-0.06209897164012054,-0.003132915611251825
1981-09-30,1.0,1.0,1.0,80.5,57.5,32.5,25.0,17.5,10.0,116.18000030517578,5.51,-1.42,151.59,-0.05383174982545096,0.01364092276830486
1981-10-30,1.0,1.0,1.0,91.96,57.5,32.5,25.0,17.5,10.0,121.88999938964844,5.51,-0.93,151.59,0.04914786597929005,0.0
1981-11-30,1.0,1.0,1.0,95.26,57.5,32.5,25.0,17.5,10.0,126.3499984741211,5.36,-0.01,162.67,0.03659036103704685,0.073091892605053
1981-12-31,1.0,1.0,1.0,95.5,95.0,50.0,30.0,15.0,10.0,122.55000305175781,5.36,-0.01,162.3,-0.03007515210331873,-0.0022745435544352134
1982-01-29,1.0,1.0,1.0,93.06,95.0,50.0,30.0,15.0,10.0,120.4000015258789,5.36,-0.37,162.3,-0.017543871663315044,0.0
1982-02-26,1.0,1.0,1.0,14.34,95.0,50.0,30.0,15.0,10.0,113.11000061035156,5.36,-0.71,162.3,-0.06054817959417071,0.0
1982-03-31,1.0,1.0,1.0,66.64,90.0,45.0,17.5,12.5,15.0,111.95999908447266,6.06,-0.47,167.58,-0.010167107414670643,0.03253234750462108
1982-04-30,1.0,1.0,1.0,77.48,90.0,45.0,17.5,12.5,15.0,116.44000244140625,5.8,-0.53,170.5,0.04001432112868702,0.017424513665115094
1982-05-28,1.0,1.0,1.0,79.28,90.0,45.0,17.5,12.5,15.0,111.87999725341797,5.8,-0.38,170.5,-0.03916184380263064,0.0
1982-06-30,1.0,1.0,1.0,82.2,50.0,27.5,10.0,20.0,20.0,109.61000061035156,6.21,-0.34,172.42,-0.020289566489036154,0.011260997067448607
1982-07-30,1.0,1.0,1.0,82.94,50.0,27.5,10.0,20.0,20.0,107.08999633789062,6.21,-0.24,172.42,-0.02299064189789767,0.0
1982-08-31,1.0,1.0,1.0,81.68,50.0,27.5,10.0,20.0,20.0,119.51000213623047,6.23,0.45,182.64,0.11597727353685035,0.05927386614081893
1982-09-30,1.0,1.0,1.0,78.82,10.0,30.0,20.0,20.0,20.0,120.41999816894531,5.6,0.3,186.79,0.007614392238714309,0.02272229522558041
1982-10-29,1.0,1.0,1.0,76.38,10.0,30.0,20.0,20.0,20.0,133.72000122070312,5.6,0.21,186.79,0.11044679666161715,0.0
1982-11-30,1.0,1.0,0.0,48.06,10.0,30.0,20.0,20.0,20.0,138.52999877929688,4.97,0.63,195.48,0.03597066642749211,0.04652283312811177
1982-12-31,0.0,0.0,0.0,22.6,40.0,40.0,30.0,20.0,15.0,140.63999938964844,4.93,0.73,198.38,0.015231362368761525,0.014835277266216522
1983-01-31,0.0,0.0,0.0,0.54,40.0,40.0,30.0,20.0,15.0,145.3000030517578,4.77,0.94,200.83,0.03313426964116132,0.012350035285815188
1983-02-28,0.0,0.0,0.0,1.78,40.0,40.0,30.0,20.0,15.0,148.05999755859375,4.7,0.96,204.01,0.018995144176650776,0.015834287706019908
1983-03-31,0.0,0.0,0.0,0.14,7.5,10.0,10.0,10.0,10.0,152.9600067138672,4.55,0.71,204.84,0.033094753721944994,0.0040684280182344615
1983-04-29,0.0,0.0,0.0,0.02,7.5,10.0,10.0,10.0,10.0,164.42999267578125,4.55,0.73,204.84,0.0749868296186091,0.0
1983-05-31,0.0,0.0,0.0,0.02,7.5,10.0,10.0,10.0,10.0,162.38999938964844,4.22,0.72,208.53,-0.01240645488658032,0.018014059753954294
1983-06-30,0.0,0.0,0.0,0.0,0.0,5.0,10.0,10.0,10.0,167.63999938964844,4.17,0.52,209.11,0.032329577065905585,0.0027813743825829016
1983-07-29,0.0,0.0,0.0,0.0,0.0,5.0,10.0,10.0,10.0,162.55999755859375,4.17,0.64,209.11,-0.030303041335899523,0.0
1983-08-31,0.0,0.0,0.0,0.26,0.0,5.0,10.0,10.0,10.0,164.39999389648438,4.3,0.68,210.39,0.011318875280047968,0.006121180240064907
1983-09-30,0.0,0.0,0.0,0.0,3.5,5.0,10.0,15.0,20.0,166.07000732421875,4.19,0.8,213.91,0.010158232905932532,0.01673083321450644
1983-10-31,0.0,0.0,0.0,0.0,3.5,5.0,10.0,15.0,20.0,163.5500030517578,4.19,0.88,215.13,-0.015174349137837568,0.005703333177504552
1983-11-30,0.0,0.0,0.0,0.1,3.5,5.0,10.0,15.0,20.0,166.39999389648438,4.27,0.92,218.32,0.017425807346665965,0.014828243387719044
1983-12-30,0.0,0.0,0.0,0.02,3.5,10.0,10.0,15.0,15.0,164.92999267578125,4.27,0.9,218.32,-0.008834142275375302,0.0
1984-01-31,0.0,0.0,0.0,0.0,3.5,10.0,10.0,15.0,15.0,163.41000366210938,4.28,0.99,222.43,-0.00921596484066948,0.018825577134481557
1984-02-29,0.0,0.0,0.0,0.04,3.5,10.0,10.0,15.0,15.0,157.05999755859375,4.55,1.01,223.23,-0.03885934741575451,0.0035966371442700306
1984-03-30,0.0,0.0,0.0,0.02,1.0,10.0,14.0,15.0,20.0,159.17999267578125,4.55,0.88,223.23,0.013497995352996246,0.0
1984-04-30,0.0,0.0,0.0,0.04,1.0,10.0,14.0,15.0,20.0,160.0500030517578,4.58,0.9,225.57,0.005465576177959781,0.010482462034672775
1984-05-31,0.0,0.0,0.0,0.0,1.0,10.0,14.0,15.0,20.0,150.5500030517578,4.64,0.86,224.26,-0.05935644997724767,-0.005807509863900351
1984-06-29,0.0,0.0,0.0,0.04,5.0,10.0,15.0,20.0,25.0,153.17999267578125,4.64,0.52,224.26,0.017469210034617332,0.0
1984-07-31,1.0,1.0,1.0,0.08,5.0,10.0,15.0,20.0,25.0,150.66000366210938,4.85,0.34,229.74,-0.016451162907453916,0.02443592258985115
1984-08-31,1.0,1.0,1.0,0.1,5.0,10.0,15.0,20.0,25.0,166.67999267578125,4.47,0.2,233.55,0.10633206308424419,0.01658396448158789
1984-09-28,1.0,1.0,1.0,0.18,5.0,10.0,12.5,20.0,30.0,166.10000610351562,4.47,0.23,233.55,-0.003479641215210454,0.0
1984-10-31,1.0,1.0,1.0,0.12,5.0,10.0,12.5,20.0,30.0,166.08999633789062,4.51,0.45,242.82,-6.026348740024601e-05,0.03969171483622343
1984-11-30,1.0,1.0,1.0,0.02,5.0,10.0,12.5,20.0,30.0,163.5800018310547,4.5,0.7,247.23,-0.015112255778064129,0.018161601186063737
1984-12-31,1.0,1.0,1.0,0.16,25.0,20.0,18.0,20.0,20.0,167.24000549316406,4.58,1.06,250.48,0.02237439553209826,0.013145653844598149
1985-01-31,1.0,1.0,1.0,0.14,25.0,20.0,18.0,20.0,20.0,179.6300048828125,4.41,1.27,253.79,0.07408514101104163,0.013214627914404354
1985-02-28,1.0,1.0,1.0,0.04,25.0,20.0,18.0,20.0,20.0,181.17999267578125,4.21,1.25,253.18,0.008628779996860408,-0.002403562000078747
1985-03-29,1.0,1.0,1.0,0.02,3.5,5.0,10.0,15.0,20.0,180.66000366210938,4.21,1.06,253.18,-0.0028700134379759422,0.0
1985-04-30,1.0,1.0,1.0,0.06,3.5,5.0,10.0,15.0,20.0,179.8300018310547,4.26,1.21,262.26,-0.004594275513284335,0.03586381230744918
1985-05-31,1.0,1.0,1.0,0.02,3.5,5.0,10.0,15.0,20.0,189.5500030517578,4.17,1.36,267.64,0.05405105444993988,0.0205139937466636
1985-06-28,1.0,1.0,1.0,0.16,5.0,10.0,10.0,20.0,25.0,191.85000610351562,4.17,1.29,267.64,0.012134017487352836,0.0
1985-07-31,1.0,1.0,1.0,0.2,5.0,10.0,10.0,20.0,25.0,190.9199981689453,4.04,1.45,270.55,-0.004847578342366653,0.010872814228067648
1985-08-30,1.0,1.0,1.0,0.02,5.0,10.0,10.0,20.0,25.0,188.6300048828125,4.04,1.27,270.55,-0.011994517641396555,0.0
1985-09-30,1.0,1.0,1.0,0.04,10.0,15.0,20.0,20.0,25.0,182.0800018310547,4.26,1.29,276.3,-0.03472407826012113,0.02125300314174829
1985-10-31,1.0,1.0,1.0,0.28,10.0,15.0,20.0,20.0,25.0,189.82000732421875,4.22,1.25,279.75,0.04250881708769823,0.012486427795874009
1985-11-29,1.0,1.0,1.0,0.02,10.0,15.0,20.0,20.0,25.0,202.1699981689453,4.22,1.07,279.75,0.06506158659888985,0.0
1985-12-31,1.0,1.0,1.0,0.02,5.0,10.0,15.0,20.0,20.0,211.27999877929688,3.81,1.0,287.54,0.04506109063095852,0.027846291331546095
1986-01-31,1.0,1.0,1.0,0.1,5.0,10.0,15.0,20.0,20.0,211.77999877929688,3.81,0.97,289.54,0.0023665278440402684,0.006955554009876886
1986-02-28,1.0,1.0,1.0,0.8,5.0,10.0,15.0,20.0,20.0,226.9199981689453,3.64,0.42,293.74,0.07148927885973946,0.014505767769565477
1986-03-31,1.0,1.0,1.0,0.58,0.0,4.0,6.5,10.0,15.0,238.89999389648438,3.45,0.44,297.84,0.0527939177869188,0.01395792197181169
1986-04-30,1.0,1.0,1.0,0.18,0.0,4.0,6.5,10.0,15.0,235.52000427246094,3.38,0.43,300.78,-0.014148136083619955,0.009871071716357769
1986-05-30,1.0,1.0,1.0,0.16,0.0,4.0,6.5,10.0,15.0,247.35000610351562,3.38,0.56,300.78,0.05022928675463664,0.0
1986-06-30,1.0,1.0,1.0,0.32,1.0,5.0,10.0,15.0,20.0,250.83999633789062,3.3,0.49,303.54,0.014109521521153487,0.009176142030720287
1986-07-31,1.0,1.0,1.0,0.0,1.0,5.0,10.0,15.0,20.0,236.1199951171875,3.39,0.56,305.57,-0.05868283142882344,0.006687751202477343
1986-08-29,1.0,1.0,1.0,0.06,1.0,5.0,10.0,15.0,20.0,252.92999267578125,3.39,0.73,305.57,0.07119260505765666,0.0
1986-09-30,1.0,1.0,1.0,0.0,20.0,15.0,20.0,20.0,20.0,231.32000732421875,3.45,1.04,311.41,-0.08543860347658846,0.019111823804692972
1986-10-31,1.0,1.0,1.0,0.06,20.0,15.0,20.0,20.0,20.0,243.97999572753906,3.47,1.05,314.62,0.05472932734943259,0.010307954144054396
1986-11-28,1.0,1.0,1.0,0.06,20.0,15.0,20.0,20.0,20.0,249.22000122070312,3.47,0.9,317.23,0.021477193150768632,0.008295721823151782
1986-12-31,1.0,1.0,1.0,0.04,10.0,20.0,20.0,15.0,15.0,242.1699981689453,3.33,0.77,319.16,-0.028288271475909763,0.006083913879519612
1987-01-30,1.0,1.0,1.0,0.62,10.0,20.0,20.0,15.0,15.0,274.0799865722656,3.33,0.81,320.14,0.13176689368870093,0.0030705602205788984
1987-02-27,1.0,1.0,1.0,0.0,10.0,20.0,20.0,15.0,15.0,284.20001220703125,3.33,0.79,322.23,0.03692362131701038,0.006528393827700481
1987-03-31,1.0,1.0,0.0,0.02,3.0,10.0,10.0,12.5,12.5,291.70001220703125,2.85,0.78,323.46,0.02638986515783987,0.0038171492412250917
1987-04-30,0.0,0.0,0.0,0.04,3.0,10.0,10.0,12.5,12.5,288.3599853515625,2.9,0.83,322.08,-0.011450211572491119,-0.004266369875718777
1987-05-29,0.0,0.0,0.0,0.04,3.0,10.0,10.0,12.5,12.5,290.1000061035156,2.9,0.75,322.59,0.006034196283620031,0.0015834575260804487
1987-06-30,0.0,0.0,0.0,0.02,5.0,10.0,10.0,20.0,22.5,304.0,2.83,0.77,325.95,0.04791449018971918,0.010415697944759645
1987-07-31,0.0,0.0,0.0,0.04,5.0,10.0,10.0,20.0,22.5,318.6600036621094,2.76,0.91,327.78,0.04822369625693873,0.005614358030372708
1987-08-31,0.0,0.0,0.0,0.02,5.0,10.0,10.0,20.0,22.5,329.79998779296875,2.61,0.92,328.47,0.03495884015199987,0.002105070474098647
1987-09-30,0.0,0.0,0.0,0.06,1.0,5.0,10.0,20.0,22.5,321.8299865722656,2.72,1.02,328.25,-0.024166165905701236,-0.0006697719730874274
1987-10-30,0.0,0.0,0.0,0.0,1.0,5.0,10.0,20.0,22.5,251.7899932861328,2.72,0.83,333.09,-0.21763041421998014,0.014744859101294668
1987-11-30,0.0,0.0,0.0,0.02,1.0,5.0,10.0,20.0,22.5,230.3000030517578,3.58,1.04,336.13,-0.08534886535365165,0.009126662463598488
1987-12-31,0.0,0.0,0.0,0.04,1.0,22.5,30.0,20.0,22.5,247.0800018310547,3.66,0.99,338.38,0.07286147875354446,0.006693838693362687
1988-01-29,0.0,0.0,0.0,0.16,1.0,22.5,30.0,20.0,22.5,257.07000732421875,3.66,0.96,343.03,0.04043227059709553,0.013741946923576977
1988-02-29,0.0,0.0,0.0,0.02,1.0,22.5,30.0,20.0,22.5,267.82000732421875,3.45,0.97,347.0,0.04181740262854552,0.011573331778561723
1988-03-31,0.0,0.0,0.0,0.02,20.0,30.0,10.0,10.0,20.0,258.8900146484375,3.37,1.04,348.68,-0.033343262010185594,0.00484149855907783
1988-04-29,0.0,0.0,0.0,0.0,20.0,30.0,10.0,10.0,20.0,261.3299865722656,3.37,1.04,348.92,0.009424743272317827,0.0006883101984627999
1988-05-31,0.0,0.0,0.0,0.04,20.0,30.0,10.0,10.0,20.0,262.1600036621094,3.57,0.98,350.0,0.0031761264779854312,0.0030952653903473116
1988-06-30,0.0,0.0,0.0,0.04,7.5,10.0,15.0,25.0,30.0,273.5,3.41,0.8,354.06,0.043256012280601074,0.011600000000000006
1988-07-29,0.0,0.0,0.0,0.06,7.5,10.0,15.0,25.0,30.0,272.0199890136719,3.41,0.7,354.92,-0.005411374721492231,0.002428966841778268
1988-08-31,0.0,0.0,0.0,0.1,7.5,10.0,15.0,25.0,30.0,261.5199890136719,3.56,0.54,356.51,-0.03860010449258663,0.004479882790487927
1988-09-30,0.0,0.0,0.0,0.02,0.5,5.0,10.0,17.5,22.5,271.9100036621094,3.53,0.44,360.44,0.03972933268934301,0.011023533701719466
1988-10-31,0.0,0.0,0.0,0.0,0.5,5.0,10.0,17.5,22.5,278.9700012207031,3.44,0.4,363.4,0.025964464210617638,0.008212185107091275
1988-11-30,0.0,0.0,0.0,0.0,0.5,5.0,10.0,17.5,22.5,273.70001220703125,3.56,0.16,363.37,-0.018890880706211127,-8.255365987884622e-05
1988-12-30,0.0,0.0,0.0,0.02,5.0,5.0,20.0,20.0,20.0,277.7200012207031,3.56,-0.03,364.4,0.014687573381001856,0.0028345763271595695
1989-01-31,0.0,0.0,0.0,0.12,5.0,5.0,20.0,20.0,20.0,297.4700012207031,3.45,-0.15,367.86,0.07111479156412917,0.009495060373216346
1989-02-28,0.0,0.0,0.0,0.58,5.0,5.0,20.0,20.0,20.0,288.8599853515625,3.38,-0.28,368.69,-0.028944148431130575,0.002256293155004578
1989-03-31,0.0,0.0,0.0,0.5,0.0,10.0,20.0,30.0,32.5,294.8699951171875,3.42,-0.45,370.51,0.02080596160908339,0.00493639643060564
1989-04-28,0.0,0.0,0.0,0.62,0.0,10.0,20.0,30.0,32.5,309.6400146484375,3.42,-0.35,375.1,0.05008993717851857,0.012388329599740984
1989-05-31,0.0,0.0,0.0,1.54,0.0,10.0,20.0,30.0,32.5,320.5199890136719,3.27,-0.26,380.51,0.03513749467292656,0.014422820581178266
1989-06-30,1.0,1.0,1.0,1.26,20.0,20.0,25.0,25.0,25.0,317.9800109863281,3.2,-0.21,387.61,-0.007924554206930933,0.018659167958792206
1989-07-31,1.0,1.0,1.0,1.62,20.0,20.0,25.0,25.0,25.0,346.0799865722656,3.16,0.07,394.23,0.08837025792525584,0.017079022729031768
1989-08-31,1.0,1.0,1.0,0.14,20.0,20.0,25.0,25.0,25.0,351.45001220703125,3.06,-0.17,393.33,0.015516718224456761,-0.002282931283768445
1989-09-29,1.0,1.0,1.0,0.26,7.5,15.0,17.5,27.5,27.5,349.1499938964844,3.06,-0.18,395.91,-0.00654436827616892,0.006559377621844357
1989-10-31,1.0,1.0,1.0,0.38,7.5,15.0,17.5,27.5,27.5,340.3599853515625,3.12,-0.2,401.41,-0.025175450948247552,0.013892046172109823
1989-11-30,1.0,1.0,1.0,0.06,7.5,15.0,17.5,27.5,27.5,345.989990234375,3.22,-0.05,405.02,0.01654132425995139,0.008993298622356087
1989-12-29,1.0,1.0,1.0,0.06,20.0,20.0,20.0,20.0,10.0,353.3999938964844,3.22,0.0,406.47,0.0214168151428017,0.0035800701199941868
1990-01-31,1.0,1.0,1.0,0.24,20.0,20.0,20.0,20.0,10.0,329.0799865722656,3.28,0.05,407.74,-0.06881722621461733,0.0031244618299013007
1990-02-28,1.0,1.0,1.0,0.1,20.0,20.0,20.0,20.0,10.0,331.8900146484375,3.4,0.06,410.17,0.008539042758088833,0.005959680188355341
1990-03-30,1.0,1.0,1.0,0.14,20.0,20.0,10.0,10.0,12.5,339.94000244140625,3.4,-0.14,412.42,0.024254986404143232,0.005485530389838359
1990-04-30,1.0,1.0,1.0,0.68,20.0,20.0,10.0,10.0,12.5,330.79998779296875,3.38,0.01,413.71,-0.026887140621271597,0.0031278793462973754
1990-05-31,1.0,1.0,1.0,0.8,20.0,20.0,10.0,10.0,12.5,361.2300109863281,3.3,0.04,418.59,0.0919891907988945,0.011795702303545952
1990-06-29,1.0,1.0,1.0,2.16,10.0,15.0,20.0,20.0,15.0,358.0199890136719,3.3,0.1,422.87,-0.008886365681221716,0.010224802312525453
1990-07-31,1.0,1.0,1.0,8.14,10.0,15.0,20.0,20.0,15.0,356.1499938964844,3.26,0.17,428.2,-0.005223158411739099,0.01260434648946481
1990-08-31,1.0,1.0,1.0,15.66,10.0,15.0,20.0,20.0,15.0,322.55999755859375,3.56,0.44,429.6,-0.09431418479162916,0.0032695002335358108
1990-09-28,1.0,1.0,1.0,35.82,25.0,40.0,40.0,25.0,25.0,306.04998779296875,3.56,0.73,432.01,-0.05118430645643194,0.005609869646182421
1990-10-31,1.0,1.0,1.0,61.0,25.0,40.0,40.0,25.0,25.0,304.0,3.88,0.77,434.98,-0.006698212301042433,0.0068748408601653375
1990-11-30,1.0,1.0,1.0,65.96,25.0,40.0,40.0,25.0,25.0,322.2200012207031,3.81,0.69,438.69,0.059934214541786594,0.008529127775989654
1990-12-31,1.0,1.0,1.0,64.22,80.0,75.0,60.0,40.0,20.0,330.2200012207031,3.68,0.67,443.68,0.02482775733875203,0.011374774897991768
1991-01-31,1.0,1.0,1.0,62.06,80.0,75.0,60.0,40.0,20.0,343.92999267578125,3.72,0.85,447.21,0.041517749998174786,0.00795618463757657
1991-02-28,1.0,1.0,1.0,55.52,80.0,75.0,60.0,40.0,20.0,367.07000732421875,3.34,0.92,450.28,0.06728117681278038,0.006864783882292421
1991-03-28,1.0,1.0,1.0,36.08,90.0,60.0,32.5,20.0,10.0,375.2200012207031,3.34,0.94,455.43,0.022202832522042044,0.011437327884871711
1991-04-30,1.0,1.0,1.0,5.5,90.0,60.0,32.5,20.0,10.0,375.3399963378906,3.19,1.03,462.54,0.00031979936249965335,0.015611619787892791
1991-05-31,1.0,1.0,1.0,0.7,90.0,60.0,32.5,20.0,10.0,389.8299865722656,3.21,1.18,466.52,0.03860497249360748,0.008604661218489127
1991-06-28,1.0,1.0,1.0,0.16,60.0,30.0,15.0,10.0,5.0,371.1600036621094,3.21,1.26,468.31,-0.04789262897479863,0.003836920174912159
1991-07-31,1.0,1.0,1.0,0.3,60.0,30.0,15.0,10.0,5.0,387.80999755859375,3.21,1.27,472.82,0.04485934295776634,0.00963037304349681
1991-08-30,1.0,1.0,1.0,0.24,60.0,30.0,15.0,10.0,5.0,395.42999267578125,3.21,1.35,479.0,0.019648784624321614,0.013070513091662805
1991-09-30,1.0,1.0,0.0,0.22,20.0,20.0,15.0,11.5,12.5,387.8599853515625,3.17,1.38,484.57,-0.019143735843086408,0.011628392484342366
1991-10-31,0.0,0.0,0.0,0.58,20.0,20.0,15.0,11.5,12.5,392.45001220703125,3.17,1.46,489.95,0.011834236654519223,0.01110262707142414
1991-11-29,0.0,0.0,0.0,0.62,20.0,20.0,15.0,11.5,12.5,375.2200012207031,3.17,1.72,494.3,-0.043903708626307,0.008878456985406721
1991-12-31,0.0,0.0,0.0,0.64,30.0,25.0,15.0,10.0,10.0,417.0899963378906,3.14,1.94,501.35,0.11158785507428137,0.014262593566659945
1992-01-31,0.0,0.0,0.0,0.24,30.0,25.0,15.0,10.0,10.0,408.7799987792969,2.94,1.98,501.04,-0.019923751783923634,-0.0006183305076294051
1992-02-28,0.0,0.0,0.0,0.02,30.0,25.0,15.0,10.0,10.0,412.70001220703125,2.94,1.96,503.08,0.00958954312696404,0.004071531215072576
1992-03-31,0.0,0.0,0.0,0.02,40.0,25.0,10.0,10.0,7.5,403.69000244140625,3.03,1.75,504.48,-0.021831862125327783,0.002782857597201308
1992-04-30,0.0,0.0,0.0,0.02,40.0,25.0,10.0,10.0,7.5,414.95001220703125,3.02,1.92,509.47,0.02789271395756039,0.009891373295274359
1992-05-29,0.0,0.0,0.0,0.1,40.0,25.0,10.0,10.0,7.5,415.3500061035156,3.02,2.05,514.76,0.0009639568254424001,0.010383339548942947
1992-06-30,0.0,0.0,0.0,0.1,5.0,10.0,10.0,10.0,10.0,408.1400146484375,3.02,2.1,521.6,-0.017358833150663815,0.01328774574559024
1992-07-31,0.0,0.0,0.0,0.08,5.0,10.0,10.0,10.0,10.0,424.2099914550781,2.97,2.28,529.03,0.03937368606330584,0.014244631901840395
1992-08-31,0.0,0.0,0.0,0.54,5.0,10.0,10.0,10.0,10.0,414.0299987792969,2.96,2.29,533.25,-0.02399753160189124,0.007976863315880059
1992-09-30,0.0,0.0,0.0,0.16,10.0,15.0,12.5,10.0,10.0,417.79998779296875,2.96,2.44,539.04,0.00910559385741879,0.010857946554149017
1992-10-30,0.0,0.0,0.0,0.02,10.0,15.0,12.5,10.0,10.0,418.67999267578125,2.96,2.38,536.32,0.0021062826915365213,-0.005046007717423408
1992-11-30,0.0,0.0,0.0,0.02,10.0,15.0,12.5,10.0,10.0,431.3500061035156,2.93,2.14,534.94,0.030261807703684137,-0.0025730906921240964
1992-12-31,0.0,0.0,0.0,0.0,10.0,10.0,10.0,10.0,10.0,435.7099914550781,2.84,2.01,540.48,0.01010776698706291,0.010356301641305498
1993-01-29,0.0,0.0,0.0,0.0,10.0,10.0,10.0,10.0,10.0,438.7799987792969,2.84,2.11,546.91,0.007045987892006532,0.011896832445233773
1993-02-26,0.0,0.0,0.0,0.1,10.0,10.0,10.0,10.0,10.0,443.3800048828125,2.84,2.02,552.46,0.010483627595407772,0.010147921961566013
1993-03-31,0.0,0.0,0.0,0.82,0.0,5.0,5.0,5.0,10.0,451.6700134277344,2.77,1.88,555.74,0.01869729905188883,0.005937081417659147
1993-04-30,0.0,0.0,0.0,0.16,0.0,5.0,5.0,5.0,10.0,440.19000244140625,2.82,2.09,559.62,-0.02541681016015664,0.006981682081548917
1993-05-28,0.0,0.0,0.0,0.08,0.0,5.0,5.0,5.0,10.0,450.19000244140625,2.82,1.89,558.95,0.02271746278774494,-0.001197240984954003
1993-06-30,0.0,0.0,0.0,0.04,5.0,8.0,10.0,15.0,15.0,450.5299987792969,2.79,1.71,563.92,0.0007552285391652532,0.008891671884783814
1993-07-30,0.0,0.0,0.0,0.0,5.0,8.0,10.0,15.0,15.0,448.1300048828125,2.79,1.66,565.8,-0.005327045708359302,0.003333806213647318
1993-08-31,0.0,0.0,0.0,0.16,5.0,8.0,10.0,15.0,15.0,463.55999755859375,2.76,1.57,571.29,0.034431956145887274,0.009703075291622499
1993-09-30,0.0,0.0,0.0,0.02,5.0,10.0,10.0,12.5,13.5,458.92999267578125,2.73,1.44,573.53,-0.009987930164805193,0.003920950830576431
1993-10-29,0.0,0.0,0.0,0.02,5.0,10.0,10.0,12.5,13.5,467.8299865722656,2.73,1.38,575.47,0.019392922751884565,0.0033825606332712407
1993-11-30,0.0,0.0,0.0,0.04,5.0,10.0,10.0,12.5,13.5,461.7900085449219,2.71,1.45,575.68,-0.012910626083629112,0.00036491910959723825
1993-12-31,0.0,0.0,0.0,0.02,0.0,5.0,10.0,10.0,10.0,466.45001220703125,2.7,1.5,578.69,0.010091174724184316,0.005228599221790065
1994-01-31,0.0,0.0,0.0,0.02,0.0,5.0,10.0,10.0,10.0,481.6099853515625,2.67,1.55,583.63,0.032500745519977774,0.008536522144844287
1994-02-28,0.0,0.0,0.0,0.04,0.0,5.0,10.0,10.0,10.0,467.1400146484375,2.69,1.44,579.85,-0.030044997286678567,-0.006476706132309807
1994-03-31,0.0,0.0,0.0,0.0,5.0,1.0,5.0,5.0,5.0,445.7699890136719,2.74,1.41,577.03,-0.04574651060635082,-0.004863326722428301
1994-04-29,0.0,0.0,0.0,0.06,5.0,1.0,5.0,5.0,5.0,450.9100036621094,2.74,1.25,574.74,0.011530643100964463,-0.003968597819870655
1994-05-31,0.0,0.0,0.0,0.02,5.0,1.0,5.0,5.0,5.0,456.5,2.84,1.15,575.65,0.012397144202814146,0.0015833246337473782
1994-06-30,0.0,0.0,0.0,0.04,0.0,5.0,10.0,10.0,15.0,444.2699890136719,2.82,1.12,577.86,-0.0267908236283201,0.0038391383653262165
1994-07-29,0.0,0.0,0.0,0.0,0.0,5.0,10.0,10.0,15.0,458.260009765625,2.82,1.08,583.49,0.03148990725890017,0.009742844287543687
1994-08-31,0.0,0.0,0.0,0.0,0.0,5.0,10.0,10.0,15.0,475.489990234375,2.78,0.98,586.04,0.03759869964992624,0.0043702548458413246
1994-09-30,1.0,1.0,1.0,0.0,5.0,5.0,10.0,15.0,15.0,462.7099914550781,2.77,1.0,585.04,-0.02687753484147469,-0.0017063681659954953
1994-10-31,1.0,1.0,1.0,0.0,5.0,5.0,10.0,15.0,15.0,472.3500061035156,2.8,0.97,586.54,0.020833815622011254,0.002563927252837413
1994-11-30,1.0,1.0,1.0,0.0,5.0,5.0,10.0,15.0,15.0,453.69000244140625,2.84,0.51,584.19,-0.03950461187888718,-0.0040065468680736335
1994-12-30,1.0,1.0,1.0,0.0,0.0,10.0,10.0,15.0,20.0,459.2699890136719,2.84,0.09,585.41,0.012299117331743003,0.002088361663157386
1995-01-31,1.0,1.0,1.0,0.12,0.0,10.0,10.0,15.0,20.0,470.4200134277344,2.83,0.15,593.72,0.024277711761677024,0.014195179446883482
1995-02-28,1.0,1.0,1.0,0.26,0.0,10.0,10.0,15.0,20.0,487.3900146484375,2.73,0.28,602.24,0.036074148072592675,0.014350198746884021
1995-03-31,1.0,1.0,1.0,0.32,0.0,5.0,10.0,11.7998,15.0,500.7099914550781,2.67,0.37,606.85,0.027329195113380698,0.007654755579171117
1995-04-28,1.0,1.0,1.0,0.26,0.0,5.0,10.0,11.7998,15.0,514.7100219726562,2.67,0.39,612.39,0.02796035780491142,0.009129109335090984
1995-05-31,1.0,1.0,1.0,0.08,0.0,5.0,10.0,11.7998,15.0,533.4000244140625,2.54,0.4,624.43,0.036311712699464684,0.019660673753653657
1995-06-30,1.0,1.0,1.0,0.08,7.5,10.0,10.0,15.0,17.5,544.75,2.48,0.39,628.28,0.02127854343164944,0.006165623048220013
1995-07-31,1.0,1.0,1.0,0.22,7.5,10.0,10.0,15.0,17.5,562.0599975585938,2.41,0.41,631.07,0.03177603957520651,0.004440695231425602
1995-08-31,1.0,1.0,1.0,0.0,7.5,10.0,10.0,15.0,17.5,561.8800048828125,2.42,0.43,633.36,-0.0003202374774278187,0.003628757507091073
1995-09-29,1.0,1.0,1.0,0.0,10.0,10.0,11.0,15.0,20.0,584.4099731445312,2.42,0.34,636.68,0.04009747288732524,0.005241884552229279
1995-10-31,1.0,1.0,1.0,0.1,10.0,10.0,11.0,15.0,20.0,581.5,2.34,0.3,642.64,-0.004979335189770248,0.009361060501350814
1995-11-30,1.0,1.0,1.0,0.04,10.0,10.0,11.0,15.0,20.0,605.3699951171875,2.3,0.4,648.6,0.04104900278106191,0.009274243744553773
1995-12-29,1.0,1.0,0.0,0.08,7.5,10.0,15.0,17.5,20.0,615.9299926757812,2.3,0.33,653.88,0.017443873405964802,0.008140610545790891
1996-01-31,0.0,0.0,0.0,0.46,7.5,10.0,15.0,17.5,20.0,636.02001953125,2.26,0.41,659.72,0.03261738686923129,0.008931302379641574
1996-02-29,0.0,0.0,0.0,0.0,7.5,10.0,15.0,17.5,20.0,640.4299926757812,2.16,0.68,657.54,0.0069337017847039195,-0.0033044321833506085
1996-03-29,0.0,0.0,0.0,0.06,22.5996,17.5,15.0,15.0,20.0,645.5,2.16,0.53,657.39,0.007916567590839628,-0.0002281230039236811
1996-04-30,0.0,0.0,0.0,0.0,22.5996,17.5,15.0,15.0,20.0,654.1699829101562,2.19,0.48,658.45,0.01343142201418474,0.0016124370617138367
1996-05-31,0.0,0.0,0.0,0.0,22.5996,17.5,15.0,15.0,20.0,669.1199951171875,2.15,0.58,660.12,0.022853405991703057,0.0025362593970688113
1996-06-28,0.0,0.0,0.0,0.0,0.5,7.5,15.0,17.5,20.0,670.6300048828125,2.15,0.53,665.11,0.0022567099722681904,0.007559231654850647
1996-07-31,0.0,0.0,0.0,0.08,0.5,7.5,15.0,17.5,20.0,639.9500122070312,2.24,0.56,668.37,-0.0457480167192077,0.004901444873780263
1996-08-30,0.0,0.0,0.0,0.0,0.5,7.5,15.0,17.5,20.0,651.989990234375,2.24,0.57,670.73,0.01881393514756068,0.0035309783503149656
1996-09-30,0.0,0.0,0.0,0.02,0.5,10.0,15.0,20.0,20.0,687.3300170898438,2.17,0.56,677.3,0.05420332732833037,0.009795297660757587
1996-10-31,0.0,0.0,0.0,0.06,0.5,10.0,15.0,20.0,20.0,705.27001953125,2.1,0.59,685.56,0.026101002422917952,0.012195482061125043
1996-11-29,0.0,0.0,0.0,0.0,0.5,10.0,15.0,20.0,20.0,757.02001953125,2.1,0.46,691.28,0.07337615178140575,0.00834354396405862
1996-12-31,0.0,0.0,0.0,0.0,5.0,10.0,15.0,15.0,20.0,740.739990234375,2.0,0.45,691.5,-0.021505414489508035,0.00031825020252289565
1997-01-31,0.0,0.0,0.0,0.02,5.0,10.0,15.0,15.0,20.0,786.1599731445312,1.95,0.53,694.95,0.06131703905412893,0.00498915401301525
1997-02-28,0.0,0.0,0.0,0.0,5.0,10.0,15.0,15.0,20.0,790.8200073242188,1.88,0.47,696.93,0.00592759023465416,0.0028491258363909696
1997-03-31,0.0,0.0,0.0,0.04,5.0,10.0,15.0,20.0,20.0,757.1199951171875,1.9,0.42,697.73,-0.04261401064074873,0.0011478914668619062
1997-04-30,0.0,0.0,0.0,0.06,5.0,10.0,15.0,20.0,20.0,801.3400268554688,1.98,0.4,704.03,0.05840557906734037,0.009029280667306773
1997-05-30,0.0,0.0,0.0,0.0,5.0,10.0,15.0,20.0,20.0,848.280029296875,1.98,0.38,709.06,0.05857688480332512,0.007144581907020969
1997-06-30,0.0,0.0,0.0,0.0,5.0,5.0,10.0,15.0,20.0,885.1400146484375,1.73,0.35,714.54,0.04345261479527594,0.00772854201336984
1997-07-31,0.0,0.0,0.0,0.0,5.0,5.0,10.0,15.0,20.0,954.3099975585938,1.64,0.25,723.5,0.07814580943742487,0.012539535925210676
1997-08-29,0.0,0.0,0.0,0.0,5.0,5.0,10.0,15.0,20.0,899.469970703125,1.64,0.3,723.76,-0.057465631708528364,0.0003593642017968084
1997-09-30,0.0,0.0,0.0,0.0,1.0,6.0,10.0,15.0,20.0,947.280029296875,1.64,0.26,729.92,0.053153590615567056,0.008511108654802653
1997-10-31,0.0,0.0,0.0,0.0,1.0,6.0,10.0,15.0,20.0,914.6199951171875,1.62,0.21,734.92,-0.03447769737522033,0.0068500657606313025
1997-11-28,0.0,0.0,0.0,0.02,1.0,6.0,10.0,15.0,20.0,955.4000244140625,1.62,0.1,735.88,0.04458685521263941,0.0013062646274424922
1997-12-31,0.0,0.0,0.0,0.02,1.0,10.0,15.0,15.0,15.0,970.4299926757812,1.61,0.03,740.95,0.01573159710869432,0.00688971027884988
1998-01-30,0.0,0.0,0.0,0.02,1.0,10.0,15.0,15.0,15.0,980.280029296875,1.61,0.05,748.47,0.01015017744240787,0.01014913286996421
1998-02-27,0.0,0.0,0.0,0.02,1.0,10.0,15.0,15.0,15.0,1049.3399658203125,1.61,0.07,749.19,0.07044919253631239,0.000961962403302774
1998-03-31,0.0,0.0,0.0,0.06,1.0,7.5,10.0,12.5,15.0,1101.75,1.45,0.05,753.25,0.04994571434122058,0.005419186054271874
1998-04-30,0.0,0.0,0.0,0.02,1.0,7.5,10.0,12.5,15.0,1111.75,1.42,0.04,757.2,0.009076469253460404,0.005243942914039224
1998-05-29,0.0,0.0,0.0,0.08,1.0,7.5,10.0,12.5,15.0,1090.8199462890625,1.42,-0.02,761.5,-0.018826223261468406,0.005678816693079707
1998-06-30,0.0,0.0,0.0,0.98,2.0,5.0,10.0,15.0,20.0,1133.8399658203125,1.44,-0.07,765.79,0.0394382406350405,0.005633617859487805
1998-07-31,0.0,0.0,0.0,0.4,2.0,5.0,10.0,15.0,20.0,1120.6700439453125,1.38,-0.04,769.78,-0.011615326917385385,0.0052103056973844125
1998-08-31,0.0,0.0,0.0,0.0,2.0,5.0,10.0,15.0,20.0,957.280029296875,1.5,0.0,776.15,-0.14579671825011392,0.008275091584608596
1998-09-30,0.0,0.0,0.0,0.04,10.0,10.0,15.0,17.5,17.5,1017.010009765625,1.58,0.06,786.45,0.06239551504341091,0.013270630677059934
1998-10-30,0.0,0.0,0.0,0.0,10.0,10.0,15.0,17.5,17.5,1098.6700439453125,1.58,0.12,787.97,0.08029422856762881,0.0019327357111068495
1998-11-30,0.0,0.0,0.0,0.08,10.0,10.0,15.0,17.5,17.5,1163.6300048828125,1.41,0.16,790.69,0.05912599628568143,0.0034519080675660587
1998-12-31,0.0,0.0,0.0,0.04,5.0,10.0,20.0,20.0,20.0,1229.22998046875,1.36,0.05,794.36,0.05637528708495616,0.004641515638239966
1999-01-29,0.0,0.0,0.0,0.08,5.0,10.0,20.0,20.0,20.0,1279.6400146484375,1.36,0.05,798.16,0.0410094408537484,0.004783725263104832
1999-02-26,0.0,0.0,0.0,0.06,5.0,10.0,20.0,20.0,20.0,1238.3299560546875,1.36,0.09,795.86,-0.03228256237759128,-0.002881627743810708
1999-03-31,0.0,0.0,0.0,0.18,0.0,5.0,10.0,15.0,27.5,1286.3699951171875,1.28,0.12,803.56,0.03879421540891678,0.009675068479380709
1999-04-30,0.0,0.0,0.0,0.06,0.0,5.0,10.0,15.0,27.5,1335.1800537109375,1.23,0.13,806.96,0.03794402759627757,0.00423117128776954
1999-05-28,0.0,0.0,0.0,0.02,0.0,5.0,10.0,15.0,27.5,1301.8399658203125,1.23,0.19,805.64,-0.024970480796175098,-0.0016357688113413924
1999-06-30,0.0,0.0,0.0,0.08,0.0,5.0,6.0,25.0,20.0,1372.7099609375,1.24,0.24,808.42,0.054438331114324834,0.003450672757062674
1999-07-30,0.0,0.0,0.0,0.04,0.0,5.0,6.0,25.0,20.0,1328.719970703125,1.24,0.18,810.22,-0.0320460923910917,0.0022265653991737815
1999-08-31,0.0,0.0,0.0,0.14,0.0,5.0,6.0,25.0,20.0,1320.4100341796875,1.25,0.19,811.27,-0.006254091687234965,0.001295944311421533
1999-09-30,0.0,0.0,0.0,0.26,0.5,5.0,20.0,15.0,16.0,1282.7099609375,1.26,0.2,817.93,-0.028551792448024596,0.008209350771013311
1999-10-29,0.0,0.0,0.0,0.0,0.5,5.0,20.0,15.0,16.0,1362.9300537109375,1.26,0.22,820.44,0.06253954145238466,0.0030687222622964127
1999-11-30,0.0,0.0,0.0,0.04,0.5,5.0,20.0,15.0,16.0,1388.9100341796875,1.2,0.12,822.97,0.019061858969220493,0.0030837111793671356
1999-12-31,0.0,0.0,0.0,0.0,0.0,16.0,10.0,13.0,15.0,1469.25,1.17,0.15,825.37,0.05784389473992286,0.0029162666925890094
2000-01-31,0.0,0.0,0.0,0.1,0.0,16.0,10.0,13.0,15.0,1394.4599609375,1.17,0.07,825.31,-0.05090354879190063,-7.269467026916307e-05
2000-02-29,0.0,0.0,0.0,0.12,0.0,16.0,10.0,13.0,15.0,1366.4200439453125,1.21,-0.21,831.35,-0.02010808325635694,0.007318462153615099
2000-03-31,0.0,0.0,0.0,0.04,0.0,5.0,10.0,15.0,15.0,1498.5799560546875,1.16,-0.47,836.28,0.09671982835364816,0.005930113670535815
2000-04-28,0.0,0.0,0.0,0.04,0.0,5.0,10.0,15.0,15.0,1452.4300537109375,1.16,-0.52,835.69,-0.030795755780191322,-0.000705505333141912
2000-05-31,1.0,1.0,1.0,0.4,0.0,5.0,10.0,15.0,15.0,1420.5999755859375,1.18,-0.46,838.35,-0.02191505060341778,0.00318299848029768
2000-06-30,1.0,1.0,1.0,0.62,0.0,5.0,10.0,15.0,15.0,1454.5999755859375,1.14,-0.43,848.33,0.02393354961587722,0.011904335897894695
2000-07-31,1.0,1.0,1.0,0.76,0.0,5.0,10.0,15.0,15.0,1430.8299560546875,1.13,-0.31,855.55,-0.01634127590417086,0.0085108389423926
2000-08-31,1.0,1.0,1.0,0.98,0.0,5.0,10.0,15.0,15.0,1517.6800537109375,1.11,-0.49,862.24,0.060699104941671016,0.007819531295657827
2000-09-29,1.0,1.0,1.0,1.26,1.0,5.0,10.0,15.0,15.0,1436.510009765625,1.11,-0.41,870.24,-0.05348297471976424,0.009278159213212098
2000-10-31,1.0,1.0,1.0,4.16,1.0,5.0,10.0,15.0,15.0,1429.4000244140625,1.17,-0.23,870.22,-0.004949485421770598,-2.2982165839287792e-05
2000-11-30,1.0,1.0,1.0,5.9,1.0,5.0,10.0,15.0,15.0,1314.949951171875,1.18,-0.23,878.77,-0.08006861010730898,0.009825101698421036
2000-12-29,1.0,1.0,1.0,10.86,0.5,9.0,15.0,16.5,20.0,1320.280029296875,1.18,-0.2,887.84,0.004053445623728773,0.010321244466697828
2001-01-31,1.0,1.0,1.0,20.8,0.5,9.0,15.0,16.5,20.0,1366.010009765625,1.21,0.05,902.29,0.03463657667616456,0.016275455036943515
2001-02-28,1.0,1.0,1.0,24.96,0.5,9.0,15.0,16.5,20.0,1239.93994140625,1.23,0.29,908.96,-0.09229073539585969,0.007392301809839489
2001-03-30,1.0,1.0,1.0,30.66,35.0,30.0,20.0,20.0,10.0,1160.3299560546875,1.23,0.46,918.33,-0.06420471080339152,0.010308484421756737
2001-04-30,1.0,1.0,1.0,34.22,35.0,30.0,20.0,20.0,10.0,1249.4599609375,1.33,0.76,920.89,0.07681436165439455,0.0027876689207582735
2001-05-31,1.0,1.0,1.0,33.78,35.0,30.0,20.0,20.0,10.0,1255.8199462890625,1.24,1.0,928.56,0.0050901874012757075,0.008328899217061711
2001-06-29,1.0,1.0,1.0,33.7,35.0,25.0,20.0,15.0,10.0,1224.3800048828125,1.24,1.13,932.5,-0.02503538942756465,0.004243129146204935
2001-07-31,1.0,1.0,1.0,32.14,35.0,25.0,20.0,15.0,10.0,1211.22998046875,1.3,1.13,946.41,-0.010740149595403684,0.01491689008042892
2001-08-31,1.0,1.0,1.0,29.08,35.0,25.0,20.0,15.0,10.0,1133.5799560546875,1.33,1.11,953.43,-0.06410840688075743,0.007417504041588721
2001-09-28,1.0,1.0,1.0,28.38,30.0,25.0,20.0,20.0,10.0,1040.93994140625,1.33,1.16,965.27,-0.08172340570563887,0.01241832121917711
2001-10-31,1.0,1.0,1.0,21.88,30.0,25.0,20.0,20.0,10.0,1059.780029296875,1.46,1.73,974.56,0.018099111333141012,0.009624250209785825
2001-11-30,1.0,1.0,1.0,16.24,30.0,25.0,20.0,20.0,10.0,1139.449951171875,1.39,1.75,972.41,0.0751759041240455,-0.002206123789197153
2001-12-31,1.0,1.0,1.0,6.24,90.0,50.0,30.0,10.0,10.0,1148.0799560546875,1.37,1.85,973.29,0.007573834088927656,0.000904968069024378
2002-01-31,1.0,1.0,1.0,2.44,90.0,50.0,30.0,10.0,10.0,1130.199951171875,1.38,1.91,974.44,-0.015573832456979858,0.001181559452989439
2002-02-28,1.0,1.0,1.0,1.44,90.0,50.0,30.0,10.0,10.0,1106.72998046875,1.43,1.75,976.15,-0.020766211039727613,0.0017548540700298865
2002-03-28,1.0,1.0,1.0,0.58,32.5,30.0,20.0,12.5,10.0,1147.3900146484375,1.43,1.63,971.97,0.03673889286207476,-0.004282128771192901
2002-04-30,1.0,1.0,1.0,0.26,32.5,30.0,20.0,12.5,10.0,1076.9200439453125,1.42,1.7,980.29,-0.06141762591921905,0.008559934977416932
2002-05-31,1.0,1.0,1.0,0.16,32.5,30.0,20.0,12.5,10.0,1067.1400146484375,1.48,1.86,988.13,-0.009081481352177009,0.007997633353395456
2002-06-28,1.0,1.0,1.0,0.18,10.0,10.0,10.0,10.0,10.0,989.8200073242188,1.48,1.87,992.98,-0.07245535380817983,0.004908261058767594
2002-07-31,1.0,1.0,1.0,0.76,10.0,10.0,10.0,10.0,10.0,911.6199951171875,1.77,1.97,997.71,-0.07900427514940762,0.004763439344196276
2002-08-30,1.0,1.0,1.0,0.5,10.0,10.0,10.0,10.0,10.0,916.0700073242188,1.77,1.94,1004.92,0.004881433306494344,0.0072265487967444674
2002-09-30,1.0,1.0,1.0,0.58,10.0,15.0,15.0,15.0,10.0,815.280029296875,1.82,1.76,1015.13,-0.11002431825242784,0.010160012737332361
2002-10-31,1.0,1.0,1.0,0.56,10.0,15.0,15.0,15.0,10.0,885.760009765625,1.86,1.85,1013.64,0.08644880033371394,-0.0014677923024637328
2002-11-29,1.0,1.0,1.0,0.3,10.0,15.0,15.0,15.0,10.0,936.3099975585938,1.86,1.98,1022.09,0.057069620704985814,0.008336292963971474
2002-12-31,1.0,1.0,1.0,0.82,30.0,22.5,15.0,10.0,10.0,879.8200073242188,1.79,2.15,1036.8,-0.0603325718850288,0.014392078975432616
2003-01-31,1.0,1.0,1.0,0.24,30.0,22.5,15.0,10.0,10.0,855.7000122070312,1.8,2.25,1042.33,-0.027414692683044594,0.005333719135802443
2003-02-28,1.0,1.0,0.0,0.76,30.0,22.5,15.0,10.0,10.0,841.1500244140625,1.93,2.18,1051.58,-0.01700360825687177,0.008874348814674816
2003-03-31,0.0,0.0,0.0,1.0,17.5,20.0,15.0,10.0,10.0,848.1799926757812,1.92,2.15,1054.72,0.008357567684332842,0.002985982997014112
2003-04-30,0.0,0.0,0.0,0.84,17.5,20.0,15.0,10.0,10.0,916.9199829101562,1.82,2.27,1063.78,0.08104410718003227,0.008589957524271793
2003-05-30,0.0,0.0,0.0,0.26,17.5,20.0,15.0,10.0,10.0,963.5900268554688,1.82,1.96,1073.52,0.050898709609522634,0.00915602850213391
2003-06-30,0.0,0.0,0.0,0.04,15.0,10.0,10.0,10.0,10.0,974.5,1.64,2.0,1077.84,0.01132221467685205,0.004024144869215232
2003-07-31,0.0,0.0,0.0,0.06,15.0,10.0,10.0,10.0,10.0,990.3099975585938,1.64,2.26,1071.69,0.016223701958536427,-0.005705856156757835
2003-08-29,0.0,0.0,0.0,0.16,15.0,10.0,10.0,10.0,10.0,1008.010009765625,1.64,2.49,1072.65,0.0178732035934879,0.000895781429331277
2003-09-30,0.0,0.0,0.0,0.0,5.0,7.5,7.5,8.5,10.0,995.969970703125,1.63,2.44,1086.65,-0.011944364585525754,0.013051787628769868
2003-10-31,0.0,0.0,0.0,0.02,5.0,7.5,7.5,8.5,10.0,1050.7099609375,1.62,2.47,1082.93,0.05496148663571674,-0.003423365389039734
2003-11-28,0.0,0.0,0.0,0.04,5.0,7.5,7.5,8.5,10.0,1058.199951171875,1.62,2.28,1083.17,0.007128504071372872,0.00022162097273139452
2003-12-31,0.0,0.0,0.0,0.26,1.0,5.0,8.0,10.0,10.0,1111.9200439453125,1.61,2.28,1092.09,0.05076554077889215,0.00823508775169165
2004-01-30,0.0,0.0,0.0,0.18,1.0,5.0,8.0,10.0,10.0,1131.1300048828125,1.61,2.32,1095.87,0.01727638695075525,0.0034612531934181
2004-02-27,0.0,0.0,0.0,0.02,1.0,5.0,8.0,10.0,10.0,1144.93994140625,1.61,2.31,1101.93,0.012208973737610505,0.005529852993512162
2004-03-31,0.0,0.0,0.0,0.06,0.5,5.0,5.0,10.0,10.0,1126.2099609375,1.6,2.18,1107.06,-0.016358919617866827,0.004655468133184396
2004-04-30,0.0,0.0,0.0,0.0,0.5,5.0,5.0,10.0,10.0,1107.300048828125,1.61,2.18,1096.5,-0.016790751960348203,-0.00953877838599529
2004-05-28,0.0,0.0,0.0,0.1,0.5,5.0,5.0,10.0,10.0,1120.6800537109375,1.61,2.12,1093.93,0.012083450097354185,-0.0023438212494299466
2004-06-30,0.0,0.0,0.0,0.98,0.0,5.0,5.0,10.0,10.0,1140.8399658203125,1.64,1.87,1094.71,0.01798899877143253,0.000713025513515465
2004-07-30,0.0,0.0,0.0,0.14,0.0,5.0,5.0,10.0,10.0,1101.719970703125,1.64,1.74,1100.34,-0.03429051952002624,0.0051429145618473214
2004-08-31,0.0,0.0,0.0,0.04,0.0,5.0,5.0,10.0,10.0,1104.239990234375,1.74,1.72,1109.55,0.0022873503233691106,0.008370140138502678
2004-09-30,0.0,0.0,0.0,0.06,3.0,5.0,7.5,10.0,10.0,1114.5799560546875,1.71,1.42,1109.5,0.009363875526838908,-4.5063313956067346e-05
2004-10-29,0.0,0.0,0.0,0.02,3.0,5.0,7.5,10.0,10.0,1130.199951171875,1.71,1.44,1113.53,0.014014243690939922,0.003632266786840895
2004-11-30,0.0,0.0,0.0,0.08,3.0,5.0,7.5,10.0,10.0,1173.8199462890625,1.66,1.19,1108.52,0.038594936295970515,-0.004499205230213817
2004-12-31,0.0,0.0,0.0,0.0,1.0,10.0,10.0,10.0,10.0,1211.9200439453125,1.62,1.12,1111.97,0.032458212843205124,0.0031122577851550224
2005-01-31,0.0,0.0,0.0,0.2,1.0,10.0,10.0,10.0,10.0,1181.27001953125,1.67,0.85,1111.75,-0.02529046744229405,-0.00019784706421938298
2005-02-28,0.0,0.0,0.0,0.06,1.0,10.0,10.0,10.0,10.0,1203.5999755859375,1.66,0.7,1109.79,0.018903346132113336,-0.0017629862828873724
2005-03-31,0.0,0.0,0.0,0.18,3.4,5.0,6.6,10.0,10.0,1180.5899658203125,1.69,0.7,1107.84,-0.019117655560289663,-0.0017570891790339124
2005-04-29,0.0,0.0,0.0,0.08,3.4,5.0,6.6,10.0,10.0,1156.8499755859375,1.69,0.55,1114.14,-0.020108582083263497,0.005686741767764463
2005-05-31,0.0,0.0,0.0,0.04,3.4,5.0,6.6,10.0,10.0,1191.5,1.76,0.4,1119.33,0.029952046631208575,0.004658301470192101
2005-06-30,0.0,0.0,0.0,0.08,2.0,5.0,10.0,10.0,10.0,1191.3299560546875,1.74,0.28,1122.73,-0.00014271417986781368,0.0030375313803794155
2005-07-29,0.0,0.0,0.0,0.54,2.0,5.0,10.0,10.0,10.0,1234.1800537109375,1.74,0.24,1120.49,0.035968286903618314,-0.0019951368539185815
2005-08-31,0.0,0.0,0.0,1.56,2.0,5.0,10.0,10.0,10.0,1220.3299560546875,1.74,0.14,1128.59,-0.011222104598600076,0.007228980178314763
2005-09-30,0.0,0.0,0.0,9.84,1.0,5.0,10.0,10.0,15.0,1228.81005859375,1.75,0.16,1125.78,0.006949024316733625,-0.0024898324457951477
2005-10-31,0.0,0.0,0.0,0.16,1.0,5.0,10.0,10.0,15.0,1207.010009765625,1.82,0.15,1125.49,-0.01774077993231352,-0.0002575991756826055
2005-11-30,0.0,0.0,0.0,0.02,1.0,5.0,10.0,10.0,15.0,1249.47998046875,1.78,0.07,1128.46,0.035186096519093275,0.0026388506339461277
2005-12-30,0.0,0.0,0.0,0.02,4.2,5.0,9.0,10.0,11.0,1248.2900390625,1.78,-0.02,1132.82,-0.0009523493171964118,0.0038636726157771652
2006-01-31,0.0,0.0,0.0,0.02,4.2,5.0,9.0,10.0,11.0,1280.0799560546875,1.75,-0.01,1135.47,0.02546677134110803,0.002339294857082406
2006-02-28,0.0,0.0,0.0,0.08,4.2,5.0,9.0,10.0,11.0,1280.6600341796875,1.77,-0.16,1136.93,0.00045315772835616367,0.0012858111618977484
2006-03-31,0.0,0.0,0.0,0.06,1.0,5.0,10.0,10.0,15.0,1294.8699951171875,1.76,-0.12,1139.2,0.011095810408889687,0.0019966048921217505
2006-04-28,0.0,0.0,0.0,0.14,1.0,5.0,10.0,10.0,15.0,1310.6099853515625,1.76,0.02,1142.87,0.012155652917844088,0.003221558988763909
2006-05-31,0.0,0.0,0.0,0.16,1.0,5.0,10.0,10.0,15.0,1270.0899658203125,1.8,0.08,1144.96,-0.030916916538203217,0.001828729426794076
2006-06-30,0.0,0.0,0.0,0.14,1.0,5.0,10.0,15.0,16.0,1270.199951171875,1.87,-0.06,1147.29,8.659650459600616e-05,0.002035005589714861
2006-07-31,0.0,0.0,0.0,0.1,1.0,5.0,10.0,15.0,16.0,1276.6600341796875,1.88,-0.07,1156.68,0.0050858788034533345,0.008184504353738027
2006-08-31,0.0,0.0,0.0,0.06,1.0,5.0,10.0,15.0,16.0,1303.8199462890625,1.85,-0.08,1165.89,0.021274193115026496,0.007962444236954072
2006-09-29,0.0,0.0,0.0,0.14,5.0,10.0,15.0,20.0,20.0,1335.8499755859375,1.85,-0.09,1172.42,0.024566297967782282,0.005600871437271074
2006-10-31,0.0,0.0,0.0,0.14,5.0,10.0,15.0,20.0,20.0,1377.93994140625,1.79,-0.1,1178.06,0.03150800358539572,0.004810562767608768
2006-11-30,0.0,0.0,0.0,0.04,5.0,10.0,15.0,20.0,20.0,1400.6300048828125,1.77,-0.19,1185.02,0.016466656343095958,0.005908018267320881
2006-12-29,0.0,0.0,0.0,0.08,10.0,15.0,15.0,18.0,15.0,1418.300048828125,1.77,-0.15,1186.06,0.01261578281467054,0.0008776223186106257
2007-01-31,0.0,0.0,0.0,0.22,10.0,15.0,15.0,18.0,15.0,1438.239990234375,1.76,-0.15,1189.54,0.014059043023177953,0.002934084279041548
2007-02-28,0.0,0.0,0.0,0.06,10.0,15.0,15.0,18.0,15.0,1406.8199462890625,1.75,-0.14,1200.01,-0.021846175991944366,0.008801721673924397
2007-03-30,0.0,0.0,0.0,0.02,5.0,10.0,11.25,15.0,13.5,1420.8599853515625,1.75,-0.07,1204.84,0.009979982939206324,0.0040249664586127845
2007-04-30,0.0,0.0,0.0,0.06,5.0,10.0,11.25,15.0,13.5,1482.3699951171875,1.76,0.0,1209.83,0.04329069042675983,0.004141628763985267
2007-05-31,0.0,0.0,0.0,0.2,5.0,10.0,11.25,15.0,13.5,1530.6199951171875,1.72,-0.06,1208.85,0.03254922870736171,-0.0008100311614028568
2007-06-29,0.0,0.0,0.0,0.42,10.0,12.0,12.0,15.0,15.0,1503.3499755859375,1.72,-0.04,1213.6,-0.017816322547885014,0.003929354345038673
2007-07-31,0.0,0.0,0.0,0.58,10.0,12.0,12.0,15.0,15.0,1455.27001953125,1.74,0.14,1221.21,-0.03198187836198828,0.006270599868160949
2007-08-31,0.0,0.0,0.0,0.52,10.0,12.0,12.0,15.0,15.0,1473.989990234375,1.84,0.18,1226.62,0.012863572018857915,0.004430032508741211
2007-09-28,0.0,0.0,0.0,0.68,10.0,15.0,20.0,20.0,15.5,1526.75,1.84,0.4,1233.57,0.035794008178600845,0.0056659764230161305
2007-10-31,1.0,1.0,1.0,1.74,10.0,15.0,20.0,20.0,15.5,1549.3800048828125,1.77,0.47,1240.02,0.014822338223554938,0.005228726379532613
2007-11-30,1.0,1.0,1.0,2.36,10.0,15.0,20.0,20.0,15.5,1481.1400146484375,1.88,0.59,1251.71,-0.0440434173794158,0.009427267302140331
2007-12-31,1.0,1.0,1.0,8.92,15.0,20.0,20.0,20.0,20.0,1468.3599853515625,1.87,0.93,1253.63,-0.00862850856129794,0.0015339016225803682
2008-01-31,1.0,1.0,1.0,22.84,15.0,20.0,20.0,20.0,20.0,1378.550048828125,2.03,1.03,1275.13,-0.0611634322777699,0.017150195831305885
2008-02-29,1.0,1.0,1.0,44.12,15.0,20.0,20.0,20.0,20.0,1330.6300048828125,2.07,1.53,1286.04,-0.03476119273728819,0.008555990369609258
2008-03-31,1.0,1.0,1.0,59.52,45.0,40.0,25.0,20.0,20.0,1322.699951171875,2.15,1.72,1274.44,-0.005959623397817407,-0.009019937171472045
2008-04-30,1.0,1.0,1.0,73.98,45.0,40.0,25.0,20.0,20.0,1385.5899658203125,2.08,1.46,1273.49,0.047546697641229,-0.0007454254417626922
2008-05-30,1.0,1.0,1.0,81.6,45.0,40.0,25.0,20.0,20.0,1400.3800048828125,2.08,1.36,1275.62,0.010674181704068444,0.0016725690818144483
2008-06-30,1.0,1.0,1.0,87.82,50.0,25.0,30.0,20.0,20.0,1280.0,2.14,1.2,1276.62,-0.08596238482631449,0.0007839325190887569
2008-07-31,1.0,1.0,1.0,96.76,50.0,25.0,30.0,20.0,20.0,1267.3800048828125,2.29,1.35,1276.72,-0.009859371185302734,7.833184502838466e-05
2008-08-29,1.0,1.0,1.0,99.72,50.0,25.0,30.0,20.0,20.0,1282.8299560546875,2.29,1.42,1283.83,0.012190464669121532,0.005568957954758992
2008-09-30,1.0,1.0,1.0,99.96,33.5,45.0,30.0,20.0,15.0,1166.3599853515625,2.37,1.36,1223.09,-0.09079143354379218,-0.047311559941736844
2008-10-31,1.0,1.0,1.0,92.32,33.5,45.0,30.0,20.0,15.0,968.75,2.96,1.95,1183.42,-0.16942452401777072,-0.03243424441373885
2008-11-28,1.0,1.0,1.0,99.96,33.5,45.0,30.0,20.0,15.0,896.239990234375,2.96,1.9,1197.95,-0.07484904233870968,0.012277974007537452
2008-12-31,1.0,1.0,1.0,100.0,95.0,75.0,50.0,30.0,25.0,903.25,3.23,1.27,1220.08,0.007821576633499491,0.01847322509286688
2009-01-30,1.0,1.0,1.0,100.0,95.0,75.0,50.0,30.0,25.0,825.8800048828125,3.23,1.5,1242.25,-0.08565734305805425,0.018170939610517405
2009-02-27,1.0,1.0,1.0,99.88,95.0,75.0,50.0,30.0,25.0,735.0900268554688,3.23,1.77,1231.7,-0.10993119762019946,-0.008492654457637316
2009-03-31,1.0,1.0,1.0,99.92,99.0,75.0,45.0,25.0,20.0,797.8699951171875,3.6,1.69,1231.95,0.08540446199532287,0.00020297150280100673
2009-04-30,1.0,1.0,1.0,97.72,99.0,75.0,45.0,25.0,20.0,872.8099975585938,3.15,1.85,1269.5,0.09392507914826326,0.030480133122285768
2009-05-29,1.0,1.0,0.0,87.5,99.0,75.0,45.0,25.0,20.0,919.1400146484375,3.15,2.22,1306.75,0.053081446385166445,0.02934226073257188
2009-06-30,0.0,0.0,0.0,58.6,80.0,45.0,30.0,15.0,12.5,919.3200073242188,2.76,2.4,1324.53,0.00019582726560990333,0.013606275110005719
2009-07-31,0.0,0.0,0.0,3.46,80.0,45.0,30.0,15.0,12.5,987.47998046875,2.67,2.39,1344.8,0.07414172714778426,0.01530354163363607
2009-08-31,0.0,0.0,0.0,0.7,80.0,45.0,30.0,15.0,12.5,1020.6199951171875,2.42,2.38,1362.88,0.03356018886854411,0.013444378346222603
2009-09-30,0.0,0.0,0.0,0.42,25.0,20.0,12.3,12.3,10.0,1057.0799560546875,2.29,2.31,1376.66,0.03572334572311967,0.01011094153557171
2009-10-30,0.0,0.0,0.0,0.36,25.0,20.0,12.3,12.3,10.0,1036.18994140625,2.29,2.34,1389.71,-0.019762000526814233,0.00947946479159702
2009-11-30,0.0,0.0,0.0,0.1,25.0,20.0,12.3,12.3,10.0,1095.6300048828125,2.1,2.53,1401.57,0.05736406145372758,0.008534154607795798
2009-12-31,0.0,0.0,0.0,0.12,10.0,15.0,10.0,11.0,15.0,1115.0999755859375,2.02,2.6,1399.31,0.01777057091933831,-0.0016124774360181731
2010-01-29,0.0,0.0,0.0,0.02,10.0,15.0,10.0,11.0,15.0,1073.8699951171875,2.02,2.75,1415.93,-0.03697424569226217,0.01187728237488485
2010-02-26,0.0,0.0,0.0,0.1,10.0,15.0,10.0,11.0,15.0,1104.489990234375,2.02,2.8,1420.14,0.028513689046546133,0.002973310827512685
2010-03-31,0.0,0.0,0.0,0.04,5.0,10.0,10.0,12.0,15.0,1169.4300537109375,1.9,2.66,1425.21,0.05879642554549733,0.0035700705564239692
2010-04-30,0.0,0.0,0.0,0.0,5.0,10.0,10.0,12.0,15.0,1186.68994140625,1.83,2.68,1432.09,0.014759230482012942,0.004827358775197958
2010-05-28,0.0,0.0,0.0,0.0,5.0,10.0,10.0,12.0,15.0,1089.4100341796875,1.83,2.37,1425.79,-0.08197584207319056,-0.004399164856957283
2010-06-30,0.0,0.0,0.0,0.34,5.0,10.0,10.0,15.0,15.0,1030.7099609375,2.03,2.36,1434.12,-0.0538824422398385,0.005842375104328076
2010-07-30,0.0,0.0,0.0,0.06,5.0,10.0,10.0,15.0,15.0,1101.5999755859375,2.03,2.32,1448.14,0.0687778495746352,0.009776029899869056
2010-08-31,0.0,0.0,0.0,0.06,5.0,10.0,10.0,15.0,15.0,1049.3299560546875,2.05,1.99,1455.12,-0.0474491836326047,0.004819975969174106
2010-09-30,0.0,0.0,0.0,0.12,10.0,15.0,15.0,12.5,10.0,1141.199951171875,1.99,2.08,1463.59,0.08755110305113556,0.005820825773819361
2010-10-29,0.0,0.0,0.0,0.08,10.0,15.0,15.0,12.5,10.0,1183.260009765625,1.99,2.03,1470.56,0.03685599403554073,0.004762262655525132
2010-11-30,0.0,0.0,0.0,0.14,10.0,15.0,15.0,12.5,10.0,1180.550048828125,1.89,2.19,1468.0,-0.002290249746576644,-0.0017408334240017038
2010-12-31,0.0,0.0,0.0,0.06,8.5,10.0,10.0,10.0,10.0,1257.6400146484375,1.83,2.44,1467.33,0.06530004034715511,-0.00045640326975481796
2011-01-31,0.0,0.0,0.0,0.06,8.5,10.0,10.0,10.0,10.0,1286.1199951171875,1.79,2.73,1473.29,0.022645574359139116,0.004061799322579131
2011-02-28,0.0,0.0,0.0,0.32,8.5,10.0,10.0,10.0,10.0,1327.219970703125,1.76,2.7,1476.12,0.03195656372809334,0.0019208709758431316
2011-03-31,0.0,0.0,0.0,0.08,5.0,5.08,10.0,10.0,10.0,1325.8299560546875,1.8,2.64,1477.46,-0.0010473129391664505,0.0009077852749099976
2011-04-29,0.0,0.0,0.0,0.36,5.0,5.08,10.0,10.0,10.0,1363.6099853515625,1.8,2.66,1487.09,0.028495380666535987,0.006517942956154401
2011-05-31,0.0,0.0,0.0,0.22,5.0,5.08,10.0,10.0,10.0,1345.199951171875,1.8,2.56,1493.4,-0.013500952895223241,0.0042431863572481646
2011-06-30,0.0,0.0,0.0,0.06,5.0,8.0,10.0,10.0,10.0,1320.6400146484375,1.89,2.52,1492.93,-0.018257461652479275,-0.0003147180929422976
2011-07-29,0.0,0.0,0.0,0.0,5.0,8.0,10.0,10.0,10.0,1292.280029296875,1.89,2.46,1498.93,-0.021474425306666257,0.004018942616197678
2011-08-31,0.0,0.0,0.0,0.04,5.0,8.0,10.0,10.0,10.0,1218.8900146484375,2.1,1.87,1492.94,-0.056791107952328834,-0.003996183944547116
2011-09-30,0.0,0.0,0.0,0.12,15.0,20.0,20.0,19.0,18.5,1131.4200439453125,2.15,1.52,1484.28,-0.07176198808089655,-0.005800634988680109
2011-10-31,0.0,0.0,0.0,0.0,15.0,20.0,20.0,19.0,18.5,1253.300048828125,2.12,1.56,1495.72,0.10772303843744137,0.007707440644622345
2011-11-30,0.0,0.0,0.0,0.14,15.0,20.0,20.0,19.0,18.5,1246.9599609375,2.12,1.63,1489.08,-0.005058715107011431,-0.0044393335651058356
2011-12-30,0.0,0.0,0.0,0.02,10.0,17.0,20.0,15.0,15.0,1257.5999755859375,2.12,1.58,1493.2,0.008532763666636124,0.002766809036452117
2012-01-31,0.0,0.0,0.0,0.02,10.0,17.0,20.0,15.0,15.0,1312.4100341796875,2.06,1.61,1509.26,0.04358306270498538,0.010755424591481346
2012-02-29,0.0,0.0,0.0,0.16,10.0,17.0,20.0,15.0,15.0,1365.6800537109375,2.0,1.62,1516.38,0.04058946376811729,0.004717543696911147
2012-03-30,0.0,0.0,0.0,0.46,10.0,15.0,15.0,15.0,15.0,1408.469970703125,2.0,1.66,1520.82,0.031332314531441856,0.0029280259565543114
2012-04-30,1.0,1.0,1.0,0.12,10.0,15.0,15.0,15.0,15.0,1397.9100341796875,2.0,1.68,1523.97,-0.007497452372495989,0.0020712510356255777
2012-05-31,1.0,1.0,1.0,0.1,10.0,15.0,15.0,15.0,15.0,1310.3299560546875,2.09,1.32,1521.29,-0.06265072571454369,-0.0017585648011444212
2012-06-29,1.0,1.0,1.0,0.1,10.0,10.0,10.0,15.0,15.0,1362.1600341796875,2.09,1.22,1526.14,0.039554982228336415,0.003188083797303694
2012-07-31,1.0,1.0,1.0,0.16,10.0,10.0,10.0,15.0,15.0,1379.3199462890625,2.11,1.21,1538.02,0.012597574204787874,0.007784344817644437
2012-08-31,1.0,1.0,1.0,0.32,10.0,10.0,10.0,15.0,15.0,1406.5799560546875,2.08,1.27,1544.06,0.019763369506085683,0.0039271270854735075
2012-09-28,1.0,1.0,1.0,0.1,10.0,15.0,20.0,20.0,20.0,1440.6700439453125,2.08,1.35,1550.83,0.024236153617775275,0.004384544642047577
2012-10-31,1.0,1.0,1.0,0.04,10.0,15.0,20.0,20.0,20.0,1412.1600341796875,2.1,1.39,1555.82,-0.019789409716293952,0.003217631848751965
2012-11-30,1.0,1.0,1.0,0.04,10.0,15.0,20.0,20.0,20.0,1416.1800537109375,2.2,1.32,1557.16,0.0028467166850428514,0.0008612821534625764
2012-12-31,1.0,1.0,1.0,0.04,10.0,20.0,20.0,17.5,15.0,1426.18994140625,2.2,1.34,1560.2,0.007068230956284645,0.001952272085077939
2013-01-31,1.0,1.0,1.0,3.36,10.0,20.0,20.0,17.5,15.0,1498.1099853515625,2.13,1.58,1563.37,0.05042809646686892,0.002031790796051689
2013-02-28,1.0,1.0,1.0,0.56,10.0,20.0,20.0,17.5,15.0,1514.6800537109375,2.1,1.63,1566.85,0.011060648765041434,0.0022259605851462022
2013-03-28,1.0,1.0,1.0,0.38,10.0,16.0,15.0,10.0,10.0,1569.18994140625,2.1,1.61,1568.52,0.03598772398287302,0.001065832721702826
2013-04-30,1.0,1.0,1.0,0.34,10.0,16.0,15.0,10.0,10.0,1597.5699462890625,2.07,1.48,1573.65,0.018085767779889916,0.003270599036034038
2013-05-31,1.0,1.0,1.0,0.16,10.0,16.0,15.0,10.0,10.0,1630.739990234375,2.01,1.46,1571.75,0.020762811683057755,-0.0012073841070124175
2013-06-28,1.0,1.0,1.0,0.24,15.0,13.5,14.82,10.0,10.0,1606.280029296875,2.01,1.78,1564.98,-0.014999301595580874,-0.004307300779386023
2013-07-31,1.0,1.0,1.0,0.32,15.0,13.5,14.82,10.0,10.0,1685.72998046875,2.02,2.14,1571.84,0.04946207991308528,0.004383442599905366
2013-08-30,1.0,1.0,1.0,0.1,15.0,13.5,14.82,10.0,10.0,1632.969970703125,2.02,2.25,1571.84,-0.03129801947934393,0.0
2013-09-30,1.0,1.0,1.0,0.04,10.0,10.0,10.0,10.0,10.0,1681.550048828125,2.04,2.27,1578.47,0.02974952325919525,0.004217986563517985
2013-10-31,1.0,1.0,1.0,0.16,10.0,10.0,10.0,10.0,10.0,1756.5400390625,2.01,2.2,1584.62,0.04459575276194464,0.0038961779444651235
2013-11-29,1.0,1.0,1.0,0.04,10.0,10.0,10.0,10.0,10.0,1805.81005859375,2.01,2.31,1588.23,0.028049471367328684,0.0022781487044213297
2013-12-31,1.0,1.0,1.0,0.18,10.0,10.0,10.0,10.0,10.0,1848.3599853515625,1.94,2.51,1587.92,0.02356279197544601,-0.00019518583580460351
2014-01-31,1.0,1.0,1.0,0.24,10.0,10.0,10.0,10.0,10.0,1782.5899658203125,1.94,2.33,1592.63,-0.03558290595581162,0.002966144390145622
2014-02-28,1.0,1.0,0.0,0.0,10.0,10.0,10.0,10.0,10.0,1859.449951171875,1.97,2.31,1596.87,0.04311703017816162,0.002662263049170103
2014-03-31,0.0,0.0,0.0,0.0,10.0,7.84,8.0,8.9,8.0,1872.3399658203125,1.94,2.24,1596.41,0.00693216541822697,-0.0002880635242692323
2014-04-30,0.0,0.0,0.0,0.04,10.0,7.84,8.0,8.9,8.0,1883.949951171875,1.96,2.25,1600.3,0.006200789153414196,0.0024367173846316877
2014-05-30,0.0,0.0,0.0,0.04,10.0,7.84,8.0,8.9,8.0,1923.5699462890625,1.96,2.07,1606.1,0.02103028007328042,0.0036243204399174873
2014-06-30,0.0,0.0,0.0,0.06,5.0,10.0,10.0,11.5,12.0,1960.22998046875,1.92,2.06,1606.9,0.019058331749470185,0.0004981009899758308
2014-07-31,0.0,0.0,0.0,0.18,5.0,10.0,10.0,11.5,12.0,1930.6700439453125,1.91,1.93,1605.46,-0.015079830845342356,-0.0008961354160184544
2014-08-29,0.0,0.0,0.0,0.2,5.0,10.0,10.0,11.5,12.0,2003.3699951171875,1.91,1.84,1608.74,0.037655295579825276,0.0020430281663822037
2014-09-30,0.0,0.0,0.0,0.02,5.0,9.5,10.0,10.0,14.0,1972.2900390625,1.93,1.89,1607.17,-0.015513837249454,-0.0009759190422317692
2014-10-31,0.0,0.0,0.0,0.06,5.0,9.5,10.0,10.0,14.0,2018.050048828125,2.0,1.81,1610.58,0.02320146066720307,0.0021217419439137457
2014-11-28,0.0,0.0,0.0,0.02,5.0,9.5,10.0,10.0,14.0,2067.56005859375,2.0,1.71,1612.73,0.02453358864631494,0.0013349228228340666
2014-12-31,0.0,0.0,0.0,0.42,7.6,10.0,10.0,10.0,11.0,2058.89990234375,1.92,1.46,1606.76,-0.004188587515997094,-0.0037017975730593636
2015-01-30,0.0,0.0,0.0,0.7,7.6,10.0,10.0,10.0,11.0,1994.989990234375,1.92,1.21,1615.39,-0.031040805838410655,0.0053710572829794795
2015-02-27,0.0,0.0,0.0,1.02,7.6,10.0,10.0,10.0,11.0,2104.5,1.92,1.19,1616.48,0.05489251089062335,0.0006747596555630021
2015-03-31,0.0,0.0,0.0,0.62,6.0,10.0,10.0,10.0,12.0,2067.889892578125,1.96,1.3,1620.15,-0.01739610711421953,0.0022703652380481497
2015-04-30,1.0,1.0,1.0,0.4,6.0,10.0,10.0,10.0,12.0,2085.510009765625,1.96,1.32,1622.84,0.008520819822535261,0.0016603400919666864
2015-05-29,1.0,1.0,1.0,0.44,6.0,10.0,10.0,10.0,12.0,2107.389892578125,1.96,1.5,1624.49,0.01049138230458981,0.001016736092282721
2015-06-30,1.0,1.0,1.0,0.42,10.0,10.0,10.0,15.0,12.5,2063.110107421875,1.99,1.55,1622.19,-0.021011671979729998,-0.0014158289678606545
2015-07-31,1.0,1.0,1.0,0.16,10.0,10.0,10.0,15.0,12.5,2103.840087890625,2.01,1.53,1623.19,0.019742029435184834,0.0006164506007311104
2015-08-31,1.0,1.0,1.0,0.52,10.0,10.0,10.0,15.0,12.5,1972.1800537109375,2.07,1.4,1620.61,-0.06258081825586559,-0.0015894627246349192
2015-09-30,1.0,1.0,1.0,0.5,8.0,10.0,12.0,13.0,13.0,1920.030029296875,2.19,1.41,1625.1,-0.026442831280001442,0.00277056170207515
2015-10-30,1.0,1.0,1.0,0.68,8.0,10.0,12.0,13.0,13.0,2079.360107421875,2.19,1.37,1628.24,0.08298311781266646,0.001932188788382315
2015-11-30,1.0,1.0,1.0,1.02,8.0,10.0,12.0,13.0,13.0,2080.409912109375,2.07,1.27,1627.09,0.0005048691103349172,-0.0007062840858842007
2015-12-31,1.0,1.0,1.0,0.8,5.0,13.5,10.0,14.23,15.0,2043.93994140625,2.11,1.19,1623.03,-0.017530185032692554,-0.002495252260169963
2016-01-29,1.0,1.0,1.0,0.42,5.0,13.5,10.0,14.23,15.0,1940.239990234375,2.11,1.15,1627.26,-0.050735322046952344,0.0026062364836139927
2016-02-29,1.0,1.0,1.0,0.76,5.0,13.5,10.0,14.23,15.0,1932.22998046875,2.3,0.96,1628.97,-0.004128360309003535,0.0010508462077357254
2016-03-31,1.0,1.0,1.0,0.72,12.0,12.0,15.0,15.0,16.0,2059.739990234375,2.17,0.95,1642.75,0.06599111444005835,0.00845933319827865
2016-04-29,1.0,1.0,1.0,0.52,12.0,12.0,15.0,15.0,16.0,2065.300048828125,2.17,1.0,1649.36,0.0026993982833325137,0.004023740678739857
2016-05-31,1.0,1.0,1.0,0.36,12.0,12.0,15.0,15.0,16.0,2096.949951171875,2.14,0.93,1649.77,0.015324602525288526,0.00024858126788577503
2016-06-30,1.0,1.0,1.0,0.1,10.0,14.0,15.0,15.32,20.0,2098.860107421875,2.13,0.85,1659.8,0.0009109212401242644,0.006079635343108417
2016-07-29,1.0,1.0,1.0,0.02,10.0,14.0,15.0,15.32,20.0,2173.60009765625,2.13,0.76,1663.4,0.03560980075331534,0.002168936016387599
2016-08-31,1.0,1.0,1.0,0.12,10.0,14.0,15.0,15.32,20.0,2170.949951171875,2.07,0.76,1664.09,-0.0012192428990192817,0.00041481303354564574
2016-09-30,1.0,1.0,1.0,0.06,10.0,15.0,18.5,20.0,20.0,2168.27001953125,2.09,0.79,1665.37,-0.0012344511393173193,0.0007691891664513174
2016-10-31,1.0,1.0,1.0,0.02,10.0,15.0,18.5,20.0,20.0,2126.14990234375,2.11,0.83,1666.16,-0.01942567890903449,0.0004743690591281163
2016-11-30,1.0,1.0,1.0,0.06,10.0,15.0,18.5,20.0,20.0,2198.81005859375,2.1,0.99,1659.1,0.03417452182929504,-0.0042372881355933235
2016-12-30,1.0,1.0,1.0,0.0,10.0,14.5,15.0,15.0,20.0,2238.830078125,2.1,1.24,1661.8,0.018200762441865862,0.0016273883430775998
2017-01-31,1.0,1.0,1.0,0.14,10.0,14.5,15.0,15.0,20.0,2278.8701171875,2.02,1.16,1666.59,0.01788435819838242,0.002882416656637359
2017-02-28,1.0,1.0,1.0,0.28,10.0,14.5,15.0,15.0,20.0,2363.639892578125,1.98,1.14,1672.2,0.03719816006681628,0.0033661548431228603
2017-03-31,1.0,1.0,1.0,0.04,6.73,10.0,15.0,15.0,15.0,2362.719970703125,1.96,1.11,1673.51,-0.0003891971352694514,0.0007833991149383718
2017-04-28,1.0,1.0,0.0,0.04,6.73,10.0,15.0,15.0,15.0,2384.199951171875,1.96,1.0,1677.46,0.009091208748854713,0.0023603085729992923
2017-05-31,0.0,0.0,0.0,0.14,6.73,10.0,15.0,15.0,15.0,2411.800048828125,1.96,0.93,1682.36,0.011576251246328597,0.002921083066064087
2017-06-30,0.0,0.0,0.0,0.16,5.0,10.0,15.0,16.0,15.0,2423.409912109375,1.94,0.78,1683.54,0.004813775207812581,0.0007013956584797926
2017-07-31,0.0,0.0,0.0,0.14,5.0,10.0,15.0,16.0,15.0,2470.300048828125,1.94,0.88,1690.23,0.019348826001101924,0.003973769557004915
2017-08-31,0.0,0.0,0.0,0.18,5.0,10.0,15.0,16.0,15.0,2471.64990234375,1.95,0.79,1693.65,0.0005464330198533378,0.0020233932660052613
2017-09-29,0.0,0.0,0.0,0.06,5.0,10.0,15.0,15.0,20.0,2519.360107421875,1.95,0.77,1693.7,0.01930297856216758,2.952203820149058e-05
2017-10-31,0.0,0.0,0.0,0.0,5.0,10.0,15.0,15.0,20.0,2575.260009765625,1.89,0.75,1695.34,0.022188135066151297,0.0009682942669893563
2017-11-30,0.0,0.0,0.0,0.0,5.0,10.0,15.0,15.0,20.0,2647.580078125,1.88,0.58,1691.68,0.02808262780656345,-0.002158858989937036
2017-12-29,0.0,0.0,0.0,0.08,5.0,10.0,12.0,15.0,15.0,2673.610107421875,1.88,0.51,1693.36,0.009831630594270564,0.0009930956209211175
2018-01-31,0.0,0.0,0.0,0.28,5.0,10.0,12.0,15.0,15.0,2823.81005859375,1.77,0.5,1690.56,0.05617870412552813,-0.0016535172674445803
2018-02-28,0.0,0.0,0.0,0.12,5.0,10.0,12.0,15.0,15.0,2713.830078125,1.84,0.62,1686.74,-0.03894737187936775,-0.002259606284308121
2018-03-29,0.0,0.0,0.0,0.06,5.0,10.0,10.0,14.0,15.0,2640.8701171875,1.84,0.47,1686.9,-0.02688449860055661,9.485753583841128e-05
2018-04-30,0.0,0.0,0.0,0.04,5.0,10.0,10.0,14.0,15.0,2648.050048828125,1.9,0.41,1688.62,0.0027187749953684033,0.0010196217914516569
2018-05-31,0.0,0.0,0.0,0.28,5.0,10.0,10.0,14.0,15.0,2705.27001953125,1.88,0.42,1695.0,0.02160834185458363,0.003778233113429966
2018-06-29,0.0,0.0,0.0,0.02,5.0,10.0,10.0,15.0,15.0,2718.3701171875,1.88,0.31,1694.82,0.004842436267607731,-0.00010619469026552428
2018-07-31,1.0,1.0,1.0,0.0,5.0,10.0,10.0,15.0,15.0,2816.2900390625,1.84,0.24,1698.92,0.036021556172899157,0.002419135955440776
2018-08-31,1.0,1.0,1.0,0.02,5.0,10.0,10.0,15.0,15.0,2901.52001953125,1.82,0.18,1705.95,0.030263211276748244,0.004137922915734686
2018-09-28,1.0,1.0,1.0,0.14,5.0,10.0,14.32,15.0,20.0,2913.97998046875,1.82,0.21,1706.89,0.0042942874264617166,0.0005510126322577183
2018-10-31,1.0,1.0,1.0,0.1,5.0,10.0,14.32,15.0,20.0,2711.739990234375,1.9,0.23,1707.57,-0.06940335609369636,0.00039838536753969867
2018-11-30,1.0,1.0,1.0,0.02,5.0,10.0,14.32,15.0,20.0,2760.169921875,1.96,0.21,1709.05,0.017859356654779876,0.0008667287431847703
2018-12-31,1.0,1.0,1.0,0.14,5.0,10.0,15.0,20.0,20.0,2506.85009765625,2.09,0.11,1720.97,-0.09177689467997258,0.006974635031157703
2019-01-31,1.0,1.0,1.0,0.26,5.0,10.0,15.0,20.0,20.0,2704.10009765625,2.08,0.15,1733.07,0.0786844016658262,0.0070309186098536924
2019-02-28,1.0,1.0,1.0,0.72,5.0,10.0,15.0,20.0,20.0,2784.489990234375,1.98,0.14,1739.14,0.029728889343927055,0.003502455180691007
2019-03-29,1.0,1.0,1.0,0.54,15.0,10.0,15.0,20.0,20.0,2834.39990234375,1.98,0.13,1752.56,0.017924256249588457,0.007716457559483333
2019-04-30,1.0,1.0,1.0,0.7,15.0,10.0,15.0,20.0,20.0,2945.830078125,1.9,0.15,1758.42,0.03931349831373794,0.003343680102250495
2019-05-31,1.0,1.0,1.0,0.34,15.0,10.0,15.0,20.0,20.0,2752.06005859375,1.95,0.14,1768.25,-0.0657777313668354,0.005590245788833116
2019-06-28,1.0,1.0,1.0,0.22,10.0,10.0,15.0,20.0,22.5,2941.760009765625,1.95,0.2,1780.43,0.06893016399824066,0.0068881662660823205
2019-07-31,1.0,1.0,1.0,0.16,10.0,10.0,15.0,20.0,22.5,2980.3798828125,1.88,0.13,1782.9,0.013128152166958007,0.0013873053138848633
2019-08-30,1.0,1.0,1.0,0.16,10.0,10.0,15.0,20.0,22.5,2926.4599609375,1.88,-0.04,1796.39,-0.01809162724052388,0.007566324527455274
2019-09-30,1.0,1.0,1.0,1.06,10.0,13.5,20.0,20.0,25.0,2976.739990234375,1.92,0.0,1798.55,0.017181177931020676,0.001202411503069965
2019-10-31,1.0,1.0,1.0,1.82,10.0,13.5,20.0,20.0,25.0,3037.56005859375,1.92,0.09,1806.49,0.0204317705136841,0.00441466737093773
